"name","MW","RT","INCHIKEY"
" GALACTURONATE_AEMOLEFTQBMNLQ-UHFFFAOYSA-N"," 194.0427"," 10.84","AEMOLEFTQBMNLQ-UHFFFAOYSA-N"
" Aloin_AFHJQYHRLPMKHU-UHFFFAOYSA-N"," 418.1264"," 1.76","AFHJQYHRLPMKHU-UHFFFAOYSA-N"
" D-ORNITHINE_AHLPHDHHMVZTML-SCSAIBSYSA-N"," 132.0899"," 9.49","AHLPHDHHMVZTML-SCSAIBSYSA-N"
" Hesperetin_AIONOLUJZLIMTK-AWEZNQCLSA-N"," 302.0790"," 0.71","AIONOLUJZLIMTK-AWEZNQCLSA-N"
" Hesperetin_AIONOLUJZLIMTK-AWEZNQCLSA-N"," 302.0790"," 0.70","AIONOLUJZLIMTK-AWEZNQCLSA-N"
" 2,6-Dihydroxybenzoic acid_AKEUNCKRJATALU-UHFFFAOYSA-N"," 154.0266"," 0.70","AKEUNCKRJATALU-UHFFFAOYSA-N"
" DL-2-Aminooctanoic acid_AKVBCGQVQXPRLD-UHFFFAOYSA-N"," 159.1259"," 5.88","AKVBCGQVQXPRLD-UHFFFAOYSA-N"
" DL-2-Aminooctanoic acid_AKVBCGQVQXPRLD-UHFFFAOYSA-N"," 159.1259"," 5.85","AKVBCGQVQXPRLD-UHFFFAOYSA-N"
" cis-4-hydroxycyclohexylacetic acid_ALTAAUJNHYWOGS-UHFFFAOYSA-N"," 158.0943"," 0.91","ALTAAUJNHYWOGS-UHFFFAOYSA-N"
" Ginkgolide C_AMOGMTLMADGEOQ-UHFFFAOYSA-N"," 440.1319"," 0.80","AMOGMTLMADGEOQ-UHFFFAOYSA-N"
" Lenticin_AOHCBEAZXHZMOR-ZDUSSCGKSA-N"," 246.1368"," 5.26","AOHCBEAZXHZMOR-ZDUSSCGKSA-N"
" Hesperetin 7-neohesperidoside_ARGKVCXINMKCAZ-UHFFFAOYSA-N"," 610.1898"," 4.89","ARGKVCXINMKCAZ-UHFFFAOYSA-N"
" 3-Hydroxytetradecanoic acid_ATRNZOYKSNPPBF-ZDUSSCGKSA-N"," 244.2038"," 0.76","ATRNZOYKSNPPBF-ZDUSSCGKSA-N"
" RIBOFLAVIN_AUNGANRZJHBGPY-SCRDCRAPSA-N"," 376.1383"," 5.72","AUNGANRZJHBGPY-SCRDCRAPSA-N"
" DETHIOBIOTIN_AUTOLBMXDDTRRT-JGVFFNPUSA-N"," 214.1317"," 1.10","AUTOLBMXDDTRRT-JGVFFNPUSA-N"
" LIOTHYRONINE_AUYYCJSJGJYCDS-LBPRGKRZSA-N"," 650.7901"," 5.57","AUYYCJSJGJYCDS-LBPRGKRZSA-N"
" GLYCEROL 3-PHOSPHATE_AWUCVROLDVIAJX-GSVOUGTGSA-N"," 172.0137"," 0.92","AWUCVROLDVIAJX-GSVOUGTGSA-N"
" THREONINE_AYFVYJQAPQTCCC-GBXIJSLDSA-N"," 119.0582"," 8.13","AYFVYJQAPQTCCC-GBXIJSLDSA-N"
" ALLOTHREONINE_AYFVYJQAPQTCCC-HRFVKAFMSA-N"," 119.0582"," 8.10","AYFVYJQAPQTCCC-HRFVKAFMSA-N"
" L-Allothreonine_AYFVYJQAPQTCCC-HRFVKAFMSA-N"," 119.0582"," 8.09","AYFVYJQAPQTCCC-HRFVKAFMSA-N"
" 3-METHYL-2-OXINDOLE_BBZCPUCZKLTAJQ-UHFFFAOYSA-N"," 147.0684"," 0.90","BBZCPUCZKLTAJQ-UHFFFAOYSA-N"
" Neopterin_BMQYVXCPAOLZOK-UHFFFAOYSA-N"," 253.0811"," 7.49","BMQYVXCPAOLZOK-UHFFFAOYSA-N"
" Dihydroferulic acid_BOLQJTPHPSDZHR-UHFFFAOYSA-N"," 196.0736"," 0.76","BOLQJTPHPSDZHR-UHFFFAOYSA-N"
" 1-Phenyl-1,2-propanedione_BVQVLAIMHVDZEL-UHFFFAOYSA-N"," 148.0524"," 8.39","BVQVLAIMHVDZEL-UHFFFAOYSA-N"
" ALPHA-HYDROXYISOBUTYRATE_BWLBGMIXKSTLSX-UHFFFAOYSA-N"," 104.0473"," 12.55","BWLBGMIXKSTLSX-UHFFFAOYSA-N"
" INDOXYL SULFATE_BXFFHSIDQOFMLE-UHFFFAOYSA-N"," 213.0096"," 0.78","BXFFHSIDQOFMLE-UHFFFAOYSA-N"
" 1,3,7-Trimethyluric acid_BYXCFUMGEBZDDI-UHFFFAOYSA-N"," 210.0753"," 1.00","BYXCFUMGEBZDDI-UHFFFAOYSA-N"
" 1,3,7-Trimethyluric acid_BYXCFUMGEBZDDI-UHFFFAOYSA-N"," 210.0753"," 1.00","BYXCFUMGEBZDDI-UHFFFAOYSA-N"
" Ala-Ala-Ala_BYXHQQCXAJARLQ-UHFFFAOYSA-N"," 231.1219"," 8.05","BYXHQQCXAJARLQ-UHFFFAOYSA-N"
" N-ACETYLPHENYLALANINE_CBQJSKKFNMDLON-JTQLQIEISA-N"," 207.0895"," 1.28","CBQJSKKFNMDLON-JTQLQIEISA-N"
" 3-Hydroxyhexadecanoic acid_CBWALJHXHCJYTE-HNNXBMFYSA-N"," 272.2351"," 0.78","CBWALJHXHCJYTE-HNNXBMFYSA-N"
" ortho-Hydroxyphenylacetic acid_CCVYRRGZDBSHFU-UHFFFAOYSA-N"," 152.0473"," 0.86","CCVYRRGZDBSHFU-UHFFFAOYSA-N"
" chiro-Inositol_CDAISMWEOUEBRE-UHFFFAOYSA-N"," 180.0634"," 8.20","CDAISMWEOUEBRE-UHFFFAOYSA-N"
" MYOINOSITOL_CDAISMWEOUEBRE-UHFFFAOYSA-N"," 180.0634"," 7.49","CDAISMWEOUEBRE-UHFFFAOYSA-N"
" scyllo-Inositol_CDAISMWEOUEBRE-UHFFFAOYSA-N"," 180.0634"," 0.94","CDAISMWEOUEBRE-UHFFFAOYSA-N"
" 2-AMINOPHENOL_CDAWCLOXVUBKRW-UHFFFAOYSA-N"," 109.0528"," 0.82","CDAWCLOXVUBKRW-UHFFFAOYSA-N"
" 3,3',4'5-Tetrahydroxystilbene_CDRPUGZCRXZLFL-OWOJBTEDSA-N"," 244.0736"," 0.88","CDRPUGZCRXZLFL-OWOJBTEDSA-N"
" 2,5-Furandicarboxylic acid_CHTHALBTIRVDBM-UHFFFAOYSA-N"," 156.0059"," 7.88","CHTHALBTIRVDBM-UHFFFAOYSA-N"
" 3-(2-HYDROXYPHENYL)PROPANOATE_CJBDUOMQLFKVQC-UHFFFAOYSA-N"," 166.0630"," 0.76","CJBDUOMQLFKVQC-UHFFFAOYSA-N"
" DEOXYCYTIDINE_CKTSBUTUHBMZGZ-SHYZEUOFSA-N"," 227.0906"," 5.18","CKTSBUTUHBMZGZ-SHYZEUOFSA-N"
" CARNOSINE_CQOVPNPJLQNMDC-ZETCQYMHSA-N"," 226.1066"," 9.44","CQOVPNPJLQNMDC-ZETCQYMHSA-N"
" 12,13-DiHOME_CQSLTKIXAJTQGA-BTDPBSJTSA-N"," 314.2457"," 0.72","CQSLTKIXAJTQGA-BTDPBSJTSA-N"
" Phenol sulfate_CTYRPMDGLDAWRQ-UHFFFAOYSA-N"," 173.9987"," 0.75","CTYRPMDGLDAWRQ-UHFFFAOYSA-N"
" CREATINE_CVSVTCORWBXHQV-UHFFFAOYSA-N"," 131.0695"," 7.82","CVSVTCORWBXHQV-UHFFFAOYSA-N"
" SEBACATE_CXMXRPHRNRROMY-UHFFFAOYSA-N"," 202.1205"," 0.78","CXMXRPHRNRROMY-UHFFFAOYSA-N"
" 2,4-Dihydroxy-nitrophenol_CYEZXDVLBGFROE-UHFFFAOYSA-N"," 155.0219"," 0.70","CYEZXDVLBGFROE-UHFFFAOYSA-N"
" SUCROSE_CZMRCDWAGMRECN-UGDNZRGBSA-N"," 342.1162"," 8.08","CZMRCDWAGMRECN-UGDNZRGBSA-N"
" L-Theanine_DATAGRPVKZEWHA-YFKPBYRVSA-N"," 174.1004"," 7.47","DATAGRPVKZEWHA-YFKPBYRVSA-N"
" L-Theanine_DATAGRPVKZEWHA-YFKPBYRVSA-N"," 174.1004"," 8.15","DATAGRPVKZEWHA-YFKPBYRVSA-N"
" 3-Hydroxyisobutyric acid_DBXBTMSZEOQQDU-GSVOUGTGSA-N"," 104.0473"," 1.09","DBXBTMSZEOQQDU-GSVOUGTGSA-N"
" ASPARAGINE_DCXYFEDJOCDNAF-REOHCLBHSA-N"," 132.0535"," 8.48","DCXYFEDJOCDNAF-REOHCLBHSA-N"
" CREATININE_DDRJAANPRJIHGJ-UHFFFAOYSA-N"," 113.0589"," 3.08","DDRJAANPRJIHGJ-UHFFFAOYSA-N"
" Naringin_DFPMSGMNTNDNHN-ZPHOTFPESA-N"," 580.1792"," 0.92","DFPMSGMNTNDNHN-ZPHOTFPESA-N"
" beta-Glycerophosphoric acid_DHCLVCXQIBBOPH-UHFFFAOYSA-N"," 172.0137"," 0.98","DHCLVCXQIBBOPH-UHFFFAOYSA-N"
" PREGNENOLONE SULFATE_DIJBBUIOWGGQOP-OZIWPBGVSA-N"," 396.1970"," 0.74","DIJBBUIOWGGQOP-OZIWPBGVSA-N"
" Hyocholic acid_DKPMWHFRUGMUKF-NNFRHCBVSA-N"," 408.2876"," 1.08","DKPMWHFRUGMUKF-NNFRHCBVSA-N"
" MELIBIOSE_DLRVVLDZNNYCBX-ABXHMFFYSA-N"," 342.1162"," 8.08","DLRVVLDZNNYCBX-ABXHMFFYSA-N"
" Isomaltose_DLRVVLDZNNYCBX-BTLHAWITSA-N"," 342.1162"," 8.73","DLRVVLDZNNYCBX-BTLHAWITSA-N"
" Melatonin_DRLFMBDRBRZALE-UHFFFAOYSA-N"," 232.1212"," 0.72","DRLFMBDRBRZALE-UHFFFAOYSA-N"
" MELATONIN_DRLFMBDRBRZALE-UHFFFAOYSA-N"," 232.1212"," 0.72","DRLFMBDRBRZALE-UHFFFAOYSA-N"
" URIDINE_DRTQHJPVMGBUCF-XVFCMESISA-N"," 244.0695"," 3.10","DRTQHJPVMGBUCF-XVFCMESISA-N"
" PHOSPHOENOLPYRUVATE_DTBNBXWJWCWCIK-UHFFFAOYSA-N"," 167.9824"," 1.58","DTBNBXWJWCWCIK-UHFFFAOYSA-N"
" 5-HYDROXYINDOLEACETATE_DUUGKQCEGZLZNO-UHFFFAOYSA-N"," 191.0582"," 0.90","DUUGKQCEGZLZNO-UHFFFAOYSA-N"
" Enterodiol_DWONJCNDULPHLV-HOTGVXAUSA-N"," 302.1518"," 0.78","DWONJCNDULPHLV-HOTGVXAUSA-N"
" Ribothymidine_DWRXFEITVBNRMK-JXOAFFINSA-N"," 258.0852"," 2.35","DWRXFEITVBNRMK-JXOAFFINSA-N"
" Ribothymidine_DWRXFEITVBNRMK-JXOAFFINSA-N"," 258.0852"," 2.34","DWRXFEITVBNRMK-JXOAFFINSA-N"
" Isoliquiritigenin_DXDRHHKMWQZJHT-FPYGCLRLSA-N"," 256.0736"," 0.72","DXDRHHKMWQZJHT-FPYGCLRLSA-N"
" 1,11-Undecanedicarboxylate_DXNCZXXFRKPEPY-UHFFFAOYSA-N"," 244.1675"," 0.74","DXNCZXXFRKPEPY-UHFFFAOYSA-N"
" 3,4-Dihydroxyhydrocinnamic acid_DZAUWHJDUNRCTF-UHFFFAOYSA-N"," 182.0579"," 0.98","DZAUWHJDUNRCTF-UHFFFAOYSA-N"
" 3,4-Dihydroxyhydrocinnamic acid_DZAUWHJDUNRCTF-UHFFFAOYSA-N"," 182.0579"," 1.02","DZAUWHJDUNRCTF-UHFFFAOYSA-N"
" N-ACETYLTRYPTOPHAN_DZTHIGRZJZPRDV-LBPRGKRZSA-N"," 246.1004"," 1.36","DZTHIGRZJZPRDV-LBPRGKRZSA-N"
" Phenylglyoxylic acid_FAQJJMHZNSSFSM-UHFFFAOYSA-N"," 150.0317"," 1.43","FAQJJMHZNSSFSM-UHFFFAOYSA-N"
" GALACTITOL_FBPFZTCFMRRESA-GUCUJZIJSA-N"," 182.0790"," 7.57","FBPFZTCFMRRESA-GUCUJZIJSA-N"
" SORBITOL_FBPFZTCFMRRESA-JGWLITMVSA-N"," 182.0790"," 7.60","FBPFZTCFMRRESA-JGWLITMVSA-N"
" MANNITOL_FBPFZTCFMRRESA-KVTDHHQDSA-N"," 182.0790"," 7.61","FBPFZTCFMRRESA-KVTDHHQDSA-N"
" L-Iditol_FBPFZTCFMRRESA-UNTFVMJOSA-N"," 182.0790"," 7.58","FBPFZTCFMRRESA-UNTFVMJOSA-N"
" 3-NITRO-L-TYROSINE_FBTSQILOGYXGMD-UHFFFAOYSA-N"," 226.0590"," 6.49","FBTSQILOGYXGMD-UHFFFAOYSA-N"
" XANTHURENATE_FBZONXHGGPHHIY-UHFFFAOYSA-N"," 205.0375"," 6.09","FBZONXHGGPHHIY-UHFFFAOYSA-N"
" Rhein_FCDLCPWAQCPTKC-UHFFFAOYSA-N"," 284.0321"," 1.02","FCDLCPWAQCPTKC-UHFFFAOYSA-N"
" HYPOXANTHINE_FDGQSTZJBFJUBT-UHFFFAOYSA-N"," 136.0385"," 2.93","FDGQSTZJBFJUBT-UHFFFAOYSA-N"
" 4-HYDROXYBENZOATE_FJKROLUGYXJWQN-UHFFFAOYSA-N"," 138.0317"," 0.82","FJKROLUGYXJWQN-UHFFFAOYSA-N"
" Ginkgolide A_FPUXKXIZEIDQKW-UHFFFAOYSA-N"," 408.1420"," 0.72","FPUXKXIZEIDQKW-UHFFFAOYSA-N"
" Canavanine_FSBIGDSBMBYOPN-VKHMYHEASA-N"," 176.0909"," 9.16","FSBIGDSBMBYOPN-VKHMYHEASA-N"
" (•À?)-Naringenin_FTVWIRXFELQLPI-ZDUSSCGKSA-N"," 272.0685"," 0.73","FTVWIRXFELQLPI-ZDUSSCGKSA-N"
" Naringenin_FTVWIRXFELQLPI-ZDUSSCGKSA-N"," 272.0685"," 0.72","FTVWIRXFELQLPI-ZDUSSCGKSA-N"
" 2-AMINOISOBUTYRATE_FUOOLUPWFVMBKG-UHFFFAOYSA-N"," 103.0633"," 7.59","FUOOLUPWFVMBKG-UHFFFAOYSA-N"
" 3-HYDROXYPHENYLACETATE_FVMDYYGIDFPZAX-UHFFFAOYSA-N"," 152.0473"," 0.70","FVMDYYGIDFPZAX-UHFFFAOYSA-N"
" Flavin mononucleotide_FVTCRASFADXXNN-SCRDCRAPSA-N"," 456.1046"," 8.07","FVTCRASFADXXNN-SCRDCRAPSA-N"
" (R)-3-Hydroxydecanoic acid_FYSSBMZUBSBFJL-SECBINFHSA-N"," 188.1412"," 0.78","FYSSBMZUBSBFJL-SECBINFHSA-N"
" 7-Methylguanine_FZWGECJQACGGTI-UHFFFAOYSA-N"," 165.0651"," 3.86","FZWGECJQACGGTI-UHFFFAOYSA-N"
" 6-Oxopiperidine-2-carboxylic acid_FZXCPFJMYOQZCA-UHFFFAOYSA-N"," 143.0582"," 7.17","FZXCPFJMYOQZCA-UHFFFAOYSA-N"
" S-CARBOXYMETHYLCYSTEINE_GBFLZEXEOZUWRN-UHFFFAOYSA-N"," 179.0252"," 8.64","GBFLZEXEOZUWRN-UHFFFAOYSA-N"
" S-Carboxymethyl-L-cysteine)_GBFLZEXEOZUWRN-UHFFFAOYSA-N"," 179.0252"," 8.62","GBFLZEXEOZUWRN-UHFFFAOYSA-N"
" ADENINE_GFFGJBXGBJISGV-UHFFFAOYSA-N"," 135.0545"," 2.29","GFFGJBXGBJISGV-UHFFFAOYSA-N"
" 1-METHYLADENOSINE_GFYLSDSUCHVORB-IOSLPCCCSA-N"," 281.1124"," 1.89","GFYLSDSUCHVORB-IOSLPCCCSA-N"
" Chenodeoxycholic acid glycine conjugate_GHCZAUBVMUEKKP-GYPHWSFCSA-N"," 449.3141"," 0.92","GHCZAUBVMUEKKP-GYPHWSFCSA-N"
" GLYCOCHENODEOXYCHOLATE_GHCZAUBVMUEKKP-GYPHWSFCSA-N"," 449.3141"," 2.35","GHCZAUBVMUEKKP-GYPHWSFCSA-N"
" PANTOTHENATE_GHOKWGTUZJEAQD-UHFFFAOYSA-N"," 219.1107"," 1.90","GHOKWGTUZJEAQD-UHFFFAOYSA-N"
" S-(2-Aminoethyl)-L-cysteine_GHSJKUNUIHUPDF-UHFFFAOYSA-N"," 164.0619"," 9.41","GHSJKUNUIHUPDF-UHFFFAOYSA-N"
" QUINOLINATE_GJAWHXHKYYXBSV-UHFFFAOYSA-N"," 167.0219"," 4.25","GJAWHXHKYYXBSV-UHFFFAOYSA-N"
" Agnuside_GLACGTLACKLUJX-UHFFFAOYSA-N"," 466.1475"," 2.45","GLACGTLACKLUJX-UHFFFAOYSA-N"
" 2,3-DIHYDROXYBENZOATE_GLDQAMYCGOIJDV-UHFFFAOYSA-N"," 154.0266"," 6.57","GLDQAMYCGOIJDV-UHFFFAOYSA-N"
" Isoxanthopterin_GLKCOBIIZKYKFN-UHFFFAOYSA-N"," 179.0443"," 5.92","GLKCOBIIZKYKFN-UHFFFAOYSA-N"
" DIAMINOPIMELATE_GMKMEZVLHJARHF-WHFBIAKZSA-N"," 190.0954"," 9.78","GMKMEZVLHJARHF-WHFBIAKZSA-N"
" 3-Methylxanthine_GMSNIKWWOQHZGF-UHFFFAOYSA-N"," 166.0491"," 1.60","GMSNIKWWOQHZGF-UHFFFAOYSA-N"
" 3-Methylxanthine_GMSNIKWWOQHZGF-UHFFFAOYSA-N"," 166.0491"," 1.61","GMSNIKWWOQHZGF-UHFFFAOYSA-N"
" N-ACETYLPROLINE_GNMSLDIYJOSUSW-LURJTMIESA-N"," 157.0739"," 6.53","GNMSLDIYJOSUSW-LURJTMIESA-N"
" alpha-Mangostin_GNRIZKKCNOBBMO-UHFFFAOYSA-N"," 410.1729"," 0.70","GNRIZKKCNOBBMO-UHFFFAOYSA-N"
" Indole-3-propionic acid_GOLXRNDWAUTYKT-UHFFFAOYSA-N"," 189.0790"," 0.72","GOLXRNDWAUTYKT-UHFFFAOYSA-N"
" MALTOSE_GUBGYTABKSRVRQ-DKBJLJRDSA-N"," 342.1162"," 8.46","GUBGYTABKSRVRQ-DKBJLJRDSA-N"
" CELLOBIOSE_GUBGYTABKSRVRQ-QRZGKKJRSA-N"," 342.1162"," 8.46","GUBGYTABKSRVRQ-QRZGKKJRSA-N"
" LACTOSE_GUBGYTABKSRVRQ-XLOQQCSPSA-N"," 342.1162"," 8.07","GUBGYTABKSRVRQ-XLOQQCSPSA-N"
" KYNURENATE_HCZHHEIFKROPDY-UHFFFAOYSA-N"," 189.0426"," 5.58","HCZHHEIFKROPDY-UHFFFAOYSA-N"
" TREHALOSE_HDTRYLNUVZCQOY-LIZSDCNHSA-N"," 342.1162"," 8.09","HDTRYLNUVZCQOY-LIZSDCNHSA-N"
" ARABITOL_HEBKCHPVOIAQTA-IMJSIDKUSA-N"," 152.0685"," 6.86","HEBKCHPVOIAQTA-IMJSIDKUSA-N"
" RIBITOL_HEBKCHPVOIAQTA-NGQZWQHPSA-N"," 152.0685"," 6.59","HEBKCHPVOIAQTA-NGQZWQHPSA-N"
" XYLITOL_HEBKCHPVOIAQTA-NGQZWQHPSA-N"," 152.0685"," 6.59","HEBKCHPVOIAQTA-NGQZWQHPSA-N"
" 3-DEHYDROSHIKIMATE_HFMGXSXAGHUXTI-RXMQYKEDSA-N"," 172.0372"," 7.51","HFMGXSXAGHUXTI-RXMQYKEDSA-N"
" Puerarin_HKEAFJYKMMKDOR-VPRICQMDSA-N"," 416.1107"," 3.74","HKEAFJYKMMKDOR-VPRICQMDSA-N"
" Formononetin_HKQYGTCOTHHOMP-UHFFFAOYSA-N"," 268.0736"," 0.71","HKQYGTCOTHHOMP-UHFFFAOYSA-N"
" 3,7-Dimethyluric acid_HMLZLHKHNBLLJD-UHFFFAOYSA-N"," 196.0596"," 2.13","HMLZLHKHNBLLJD-UHFFFAOYSA-N"
" HISTIDINE_HNDVDQJCIGZPNO-YFKPBYRVSA-N"," 155.0695"," 9.71","HNDVDQJCIGZPNO-YFKPBYRVSA-N"
" PTERIN_HNXQXTQTPAJEJL-UHFFFAOYSA-N"," 163.0494"," 3.43","HNXQXTQTPAJEJL-UHFFFAOYSA-N"
" N-METHYLASPARTATE_HOKKHZGPKSLGJE-GSVOUGTGSA-N"," 147.0532"," 8.69","HOKKHZGPKSLGJE-GSVOUGTGSA-N"
" Enterolactone_HVDGDHBAMCBBLR-PBHICJAKSA-N"," 298.1205"," 0.71","HVDGDHBAMCBBLR-PBHICJAKSA-N"
" 4-PYRIDOXATE_HXACOUQIXZGNBF-UHFFFAOYSA-N"," 183.0532"," 5.70","HXACOUQIXZGNBF-UHFFFAOYSA-N"
" Suberylglycine_HXATVKDSYDWTCX-UHFFFAOYSA-N"," 231.1107"," 6.05","HXATVKDSYDWTCX-UHFFFAOYSA-N"
" Narirutin_HXTFHSYLYXVTHC-UHFFFAOYSA-N"," 580.1792"," 4.72","HXTFHSYLYXVTHC-UHFFFAOYSA-N"
" Methylcysteine_IDIDJDIHTAOVLG-GSVOUGTGSA-N"," 135.0354"," 7.39","IDIDJDIHTAOVLG-GSVOUGTGSA-N"
" HOMOGENTISATE_IGMNYECMUMZDDF-UHFFFAOYSA-N"," 168.0423"," 1.26","IGMNYECMUMZDDF-UHFFFAOYSA-N"
" 4-O-alpha-D-Galactopyranuronosyl-D-galacturonic acid_IGSYEZFZPOZFNC-UHFFFAOYSA-N"," 370.0747"," 10.20","IGSYEZFZPOZFNC-UHFFFAOYSA-N"
" 5,7-dihydroxy-2-(4-hydroxyphenyl)-6-methoxy-4H-chromen-4-one_IHFBPDAQLQOCBX-UHFFFAOYSA-N"," 300.0634"," 0.72","IHFBPDAQLQOCBX-UHFFFAOYSA-N"
" Myricetin_IKMDFBPHZNJCSN-UHFFFAOYSA-N"," 318.0376"," 6.54","IKMDFBPHZNJCSN-UHFFFAOYSA-N"
" 3-Oxindole-3-acetate_ILGMGHZPXRDCCS-UHFFFAOYSA-N"," 191.0582"," 1.04","ILGMGHZPXRDCCS-UHFFFAOYSA-N"
" CYSTATHIONINE_ILRYLPWNYFXEMH-WHFBIAKZSA-N"," 222.0674"," 9.85","ILRYLPWNYFXEMH-WHFBIAKZSA-N"
" Phloridzin_IOUVKUPGCMBWBT-QNDFHXLGSA-N"," 436.1369"," 1.92","IOUVKUPGCMBWBT-QNDFHXLGSA-N"
" PALMITATE_IPCSVZSSVZVIGE-UHFFFAOYSA-N"," 256.2402"," 13.60","IPCSVZSSVZVIGE-UHFFFAOYSA-N"
" Theaflavin_IPMYMEWFZKHGAX-ZKSIBHASSA-N"," 564.1268"," 2.13","IPMYMEWFZKHGAX-ZKSIBHASSA-N"
" THYMIDINE_IQFYYKKMVGJFEH-XLPZGREQSA-N"," 242.0903"," 1.34","IQFYYKKMVGJFEH-XLPZGREQSA-N"
" Luteolin_IQPNAANSBPBGFQ-UHFFFAOYSA-N"," 286.0477"," 0.86","IQPNAANSBPBGFQ-UHFFFAOYSA-N"
" Adenosine phosphosulfate_IRLPACMLTUPBCL-KQYNXXCUSA-N"," 427.0199"," 8.71","IRLPACMLTUPBCL-KQYNXXCUSA-N"
" CYCLIC AMP_IVOMOUWHDPKRLL-KQYNXXCUSA-N"," 329.0525"," 7.26","IVOMOUWHDPKRLL-KQYNXXCUSA-N"
" Gibberellin A3_IXORZMNAPKEEDV-SNTJWBGVSA-N"," 346.1416"," 0.90","IXORZMNAPKEEDV-SNTJWBGVSA-N"
" Kaempferol_IYRMWMYZSQPJKC-UHFFFAOYSA-N"," 286.0477"," 0.72","IYRMWMYZSQPJKC-UHFFFAOYSA-N"
" 5-Methoxysalicylic acid_IZZIWIAOVZOBLF-UHFFFAOYSA-N"," 168.0423"," 0.94","IZZIWIAOVZOBLF-UHFFFAOYSA-N"
" OPHTHALMATE_JCMUOFQHZLPHQP-BQBZGAKWSA-N"," 289.1274"," 8.64","JCMUOFQHZLPHQP-BQBZGAKWSA-N"
" Phenylacetylglutamine_JFLIEFSWGNOPJJ-JTQLQIEISA-N"," 264.1110"," 4.64","JFLIEFSWGNOPJJ-JTQLQIEISA-N"
" Phenylacetylglutamine_JFLIEFSWGNOPJJ-JTQLQIEISA-N"," 264.1110"," 4.63","JFLIEFSWGNOPJJ-JTQLQIEISA-N"
" 2-Hydroxyhexadecanoic acid_JGHSBPIZNUXPLA-UHFFFAOYSA-N"," 272.2351"," 1.26","JGHSBPIZNUXPLA-UHFFFAOYSA-N"
" N-ACETYLSERINE_JJIHLJJYMXLCOY-BYPYZUCNSA-N"," 147.0532"," 7.47","JJIHLJJYMXLCOY-BYPYZUCNSA-N"
" (S)-Abscisic acid_JLIDBLDQVAYHNE-IBPUIESWSA-N"," 264.1362"," 0.72","JLIDBLDQVAYHNE-IBPUIESWSA-N"
" N1-Methyl-2-pyridone-5-carboxamide_JLQSXXWTCJPCBC-UHFFFAOYSA-N"," 152.0586"," 0.94","JLQSXXWTCJPCBC-UHFFFAOYSA-N"
" Syringic acid_JMSVCTWVEWCHDZ-UHFFFAOYSA-N"," 198.0528"," 0.84","JMSVCTWVEWCHDZ-UHFFFAOYSA-N"
" Syringic acid_JMSVCTWVEWCHDZ-UHFFFAOYSA-N"," 198.0528"," 0.83","JMSVCTWVEWCHDZ-UHFFFAOYSA-N"
" Threonic acid_JPIJQSOTBSSVTP-UHFFFAOYSA-N"," 136.0372"," 7.25","JPIJQSOTBSSVTP-UHFFFAOYSA-N"
" N2-Acetylornithine_JRLGPAXAGHMNOL-LURJTMIESA-N"," 174.1004"," 8.15","JRLGPAXAGHMNOL-LURJTMIESA-N"
" UREIDOPROPIONATE_JSJWCHRYRHKBBW-UHFFFAOYSA-N"," 132.0535"," 3.97","JSJWCHRYRHKBBW-UHFFFAOYSA-N"
" 3-Indolebutyric acid_JTEDVYBZBROSJT-UHFFFAOYSA-N"," 203.0946"," 0.82","JTEDVYBZBROSJT-UHFFFAOYSA-N"
" Hydroxytyrosol_JUUBCHWRXWPFFH-UHFFFAOYSA-N"," 154.0630"," 0.90","JUUBCHWRXWPFFH-UHFFFAOYSA-N"
" HYDROXYPHENYLLACTATE_JVGVDSSUAVXRDY-UHFFFAOYSA-N"," 182.0579"," 6.74","JVGVDSSUAVXRDY-UHFFFAOYSA-N"
" Asiatic acid_JXSVIVRDWWRQRT-UYDOISQJSA-N"," 488.3502"," 0.94","JXSVIVRDWWRQRT-UYDOISQJSA-N"
" 2-Hydroxymyristic acid_JYZJYKOZGGEXSX-UHFFFAOYSA-N"," 244.2038"," 1.26","JYZJYKOZGGEXSX-UHFFFAOYSA-N"
" 8-Hydroxyoctanoate_KDMSVYIHKLZKET-UHFFFAOYSA-N"," 160.1099"," 0.81","KDMSVYIHKLZKET-UHFFFAOYSA-N"
" LYSINE_KDXKERNSBIXSRK-YFKPBYRVSA-N"," 146.1055"," 9.42","KDXKERNSBIXSRK-YFKPBYRVSA-N"
" DEOXYADENOSINE MONOPHOSPHATE_KHWCHTKSEGGWEX-RRKCRQDMSA-N"," 331.0682"," 8.44","KHWCHTKSEGGWEX-RRKCRQDMSA-N"
" 2-Hydroxystearate_KIHBGTRZFAVZRV-KRWDZBQOSA-N"," 300.2664"," 1.24","KIHBGTRZFAVZRV-KRWDZBQOSA-N"
" MEVALONATE_KJTLQQUUPVSXIM-UHFFFAOYSA-N"," 148.0736"," 1.95","KJTLQQUUPVSXIM-UHFFFAOYSA-N"
" 4-Hydroxyphenylpyruvic acid_KKADPXVIOXHVKN-UHFFFAOYSA-N"," 180.0423"," 0.82","KKADPXVIOXHVKN-UHFFFAOYSA-N"
" m-Coumaric acid_KKSDGJDHHZEWEP-SNAWJCMRSA-N"," 164.0473"," 0.82","KKSDGJDHHZEWEP-SNAWJCMRSA-N"
" 2',4'-Dihydroxyacetophenone_KLAKIAVEMQMVBT-UHFFFAOYSA-N"," 152.0473"," 0.68","KLAKIAVEMQMVBT-UHFFFAOYSA-N"
" Cosmosiin_KMOUJOKENFFTPU-QNDFHXLGSA-N"," 432.1056"," 1.76","KMOUJOKENFFTPU-QNDFHXLGSA-N"
" ADENOSINE 2',3'-CYCLIC PHOSPHATE_KMYWVDDIPVNLME-UHFFFAOYSA-N"," 329.0525"," 7.05","KMYWVDDIPVNLME-UHFFFAOYSA-N"
" Celastrol_KQJSQWZMSAGSHN-JJWQIEBTSA-N"," 450.2770"," 0.78","KQJSQWZMSAGSHN-JJWQIEBTSA-N"
" 1,2,3-Propanetricarboxylic acid_KQTIIICEAUMSDG-UHFFFAOYSA-N"," 176.0321"," 7.46","KQTIIICEAUMSDG-UHFFFAOYSA-N"
" FERULATE_KSEBMYQBYZTDHS-HWKANZROSA-N"," 194.0579"," 0.79","KSEBMYQBYZTDHS-HWKANZROSA-N"
" PROTOPORPHYRIN_KSFOVUSSGSKXFI-UHFFFAOYSA-N"," 562.2580"," 0.84","KSFOVUSSGSKXFI-UHFFFAOYSA-N"
" N-ACETYLALANINE_KTHDTJVBEPMMGL-VKHMYHEASA-N"," 131.0582"," 3.51","KTHDTJVBEPMMGL-VKHMYHEASA-N"
" DEOXYCHOLATE_KXGVEGMKQFWNSR-LLQZFEROSA-N"," 392.2927"," 0.84","KXGVEGMKQFWNSR-LLQZFEROSA-N"
" Apigenin_KZNIFHPLKGYRTM-UHFFFAOYSA-N"," 270.0528"," 0.72","KZNIFHPLKGYRTM-UHFFFAOYSA-N"
" (R)-Glabridin_LBQIJVLKGVZRIW-UHFFFAOYSA-N"," 324.1362"," 0.70","LBQIJVLKGVZRIW-UHFFFAOYSA-N"
" alpha-D-Galactopyranuronosyl-(1->4)-alpha-D-galactopyranuronosyl-(1->4)-D-galacturonic acid_LCLHHZYHLXDRQG-UHFFFAOYSA-N"," 546.1068"," 10.61","LCLHHZYHLXDRQG-UHFFFAOYSA-N"
" 5-HYDROXYTRYPTOPHAN_LDCYZAJDBXYCGN-VIFPVBQESA-N"," 220.0848"," 6.98","LDCYZAJDBXYCGN-VIFPVBQESA-N"
" URATE_LEHOTFFKMJEONL-UHFFFAOYSA-N"," 168.0283"," 7.13","LEHOTFFKMJEONL-UHFFFAOYSA-N"
" 3-Methylsulfinylpropyl isothiocyanate_LELAOEBVZLPXAZ-UHFFFAOYSA-N"," 163.0126"," 0.84","LELAOEBVZLPXAZ-UHFFFAOYSA-N"
" 4-HYDROXY-L-PHENYLGLYCINE_LJCWONGJFPCTTL-UHFFFAOYSA-N"," 167.0582"," 7.61","LJCWONGJFPCTTL-UHFFFAOYSA-N"
" N-Acetyl-beta-alanine_LJLLAWRMBZNPMO-UHFFFAOYSA-N"," 131.0582"," 1.75","LJLLAWRMBZNPMO-UHFFFAOYSA-N"
" 5,6 DIMETHYLBENZIMIDAZOLE_LJUQGASMPRMWIW-UHFFFAOYSA-N"," 146.0844"," 1.00","LJUQGASMPRMWIW-UHFFFAOYSA-N"
" SORBOSE_LKDRXBCSQODPBY-BGPJRJDNSA-N"," 180.0634"," 7.49","LKDRXBCSQODPBY-BGPJRJDNSA-N"
" TAGATOSE_LKDRXBCSQODPBY-OEXCPVAWSA-N"," 180.0634"," 8.46","LKDRXBCSQODPBY-OEXCPVAWSA-N"
" PSICOSE_LKDRXBCSQODPBY-UHFFFAOYSA-N"," 180.0634"," 8.46","LKDRXBCSQODPBY-UHFFFAOYSA-N"
" 1,3,5-Trimethoxybenzene_LKUDPHPHKOZXCD-UHFFFAOYSA-N"," 168.0786"," 0.72","LKUDPHPHKOZXCD-UHFFFAOYSA-N"
" Gallic acid_LNTHITQWFMADLM-UHFFFAOYSA-N"," 170.0215"," 8.40","LNTHITQWFMADLM-UHFFFAOYSA-N"
" UROCANATE_LOIYMIARKYCTBW-OWOJBTEDSA-N"," 138.0429"," 1.99","LOIYMIARKYCTBW-OWOJBTEDSA-N"
" XANTHINE_LRFVTYWOQMYALW-UHFFFAOYSA-N"," 152.0334"," 4.23","LRFVTYWOQMYALW-UHFFFAOYSA-N"
" NORLEUCINE_LRQKBLKVPFOOQJ-YFKPBYRVSA-N"," 131.0946"," 6.66","LRQKBLKVPFOOQJ-YFKPBYRVSA-N"
" 4-hydroxy-3-methylbenzoic acid_LTFHNKUKQYVHDX-UHFFFAOYSA-N"," 152.0473"," 0.78","LTFHNKUKQYVHDX-UHFFFAOYSA-N"
" Maltotetraose_LUEWUZLMQUOBSB-AYQJAVFRSA-N"," 666.2219"," 9.76","LUEWUZLMQUOBSB-AYQJAVFRSA-N"
" Resveratrol_LUKBXSAWLPMMSZ-OWOJBTEDSA-N"," 228.0786"," 0.72","LUKBXSAWLPMMSZ-OWOJBTEDSA-N"
" Undecanedioic acid_LWBHHRRTOZQPDM-UHFFFAOYSA-N"," 216.1362"," 0.76","LWBHHRRTOZQPDM-UHFFFAOYSA-N"
" Methylparaben_LXCFILQKKLGQFO-UHFFFAOYSA-N"," 152.0473"," 0.68","LXCFILQKKLGQFO-UHFFFAOYSA-N"
" PYRIDOXINE_LXNHXLLTXMVWPM-UHFFFAOYSA-N"," 169.0739"," 7.22","LXNHXLLTXMVWPM-UHFFFAOYSA-N"
" (-)-Matairesinol_MATGKVZWFZHCLI-LSDHHAIUSA-N"," 358.1416"," 0.70","MATGKVZWFZHCLI-LSDHHAIUSA-N"
" Diosmetin_MBNGWHIJMBWFHU-UHFFFAOYSA-N"," 300.0634"," 0.72","MBNGWHIJMBWFHU-UHFFFAOYSA-N"
" CORTISONE_MFYSYFVPBJMHGN-ZPOLXVRWSA-N"," 360.1937"," 0.74","MFYSYFVPBJMHGN-ZPOLXVRWSA-N"
" Phenylalanylalanine_MIDZLCFIAINOQN-WPRPVWTQSA-N"," 236.1161"," 6.98","MIDZLCFIAINOQN-WPRPVWTQSA-N"
" Oleanolic acid_MIJYXULNPSFWEK-GTOFXWBISA-N"," 456.3603"," 0.74","MIJYXULNPSFWEK-GTOFXWBISA-N"
" 3-Hydroxycoumarin_MJKVTPMWOKAVMS-UHFFFAOYSA-N"," 162.0317"," 0.72","MJKVTPMWOKAVMS-UHFFFAOYSA-N"
" N-Acetylmuramate_MNLRQHMNZILYPY-MKFCKLDKSA-N"," 293.1111"," 7.46","MNLRQHMNZILYPY-MKFCKLDKSA-N"
" Bilobalide_MOLPUWBMSBJXER-NRSGSQFTSA-N"," 326.1002"," 0.68","MOLPUWBMSBJXER-NRSGSQFTSA-N"
" Glycyrrhetinic acid_MPDGHEJMBKOTSU-WFJWTYAKSA-N"," 470.3396"," 0.76","MPDGHEJMBKOTSU-WFJWTYAKSA-N"
" 3-AMINO-4-HYDROXYBENZOATE_MRBKRZAPGUCWOS-UHFFFAOYSA-N"," 153.0426"," 0.82","MRBKRZAPGUCWOS-UHFFFAOYSA-N"
" Muramic acid_MSFSPUZXLOGKHJ-LEISLEKSSA-N"," 251.1005"," 7.96","MSFSPUZXLOGKHJ-LEISLEKSSA-N"
" GLUCOSAMINE_MSWZFWKMSRAUBD-IVMDWMLBSA-N"," 179.0794"," 2.16","MSWZFWKMSRAUBD-IVMDWMLBSA-N"
" D-MANNOSAMINE_MSWZFWKMSRAUBD-UHFFFAOYSA-N"," 179.0794"," 8.33","MSWZFWKMSRAUBD-UHFFFAOYSA-N"
" GLUCOSAMINE 6-SULFATE_MTDHILKWIRSIHB-QZABAPFNSA-N"," 259.0362"," 8.32","MTDHILKWIRSIHB-QZABAPFNSA-N"
" 3,4-DIHYDROXYPHENYLGLYCOL_MTVWFVDWRVYDOR-UHFFFAOYSA-N"," 170.0579"," 1.89","MTVWFVDWRVYDOR-UHFFFAOYSA-N"
" 3-Hydroxydodecanoic acid_MUCMKTPAZLSKTL-NSHDSACASA-N"," 216.1725"," 0.76","MUCMKTPAZLSKTL-NSHDSACASA-N"
" Betonicine_MUNWAHDYFVYIKH-RITPCOANSA-N"," 159.0895"," 1.30","MUNWAHDYFVYIKH-RITPCOANSA-N"
" N-ACETYLSEROTONIN_MVAWJSIDNICKHF-UHFFFAOYSA-N"," 218.1055"," 0.82","MVAWJSIDNICKHF-UHFFFAOYSA-N"
" 1-Methylxanthine_MVOYJPOZRLFTCP-UHFFFAOYSA-N"," 166.0491"," 1.38","MVOYJPOZRLFTCP-UHFFFAOYSA-N"
" DEOXYURIDINE_MXHRCPNRJAMMIM-SHYZEUOFSA-N"," 228.0746"," 1.69","MXHRCPNRJAMMIM-SHYZEUOFSA-N"
" ANSERINE_MYYIAHXIVFADCU-QMMMGPOBSA-N"," 240.1222"," 9.53","MYYIAHXIVFADCU-QMMMGPOBSA-N"
" Salicin_NGFMICBWJRZIBI-UJPOAAIJSA-N"," 286.1053"," 2.50","NGFMICBWJRZIBI-UJPOAAIJSA-N"
" 4-COUMARATE_NGSWKAQJJWESNS-ZZXKWVIFSA-N"," 164.0473"," 0.80","NGSWKAQJJWESNS-ZZXKWVIFSA-N"
" 4-Hydroxycinnamic acid_NGSWKAQJJWESNS-ZZXKWVIFSA-N"," 164.0473"," 0.82","NGSWKAQJJWESNS-ZZXKWVIFSA-N"
" Gingerol_NLDDIKRKFXEWBK-UHFFFAOYSA-N"," 294.1831"," 0.70","NLDDIKRKFXEWBK-UHFFFAOYSA-N"
" Desaminotyrosine_NMHMNPHRMNGLLB-UHFFFAOYSA-N"," 166.0630"," 0.78","NMHMNPHRMNGLLB-UHFFFAOYSA-N"
" CYTIDINE 2',3'-CYCLIC PHOSPHATE_NMPZCCZXCOMSDQ-ZRTZXPPTSA-N"," 305.0413"," 7.79","NMPZCCZXCOMSDQ-ZRTZXPPTSA-N"
" 1,7-Dimethyluric acid_NOFNCLGCUJJPKU-UHFFFAOYSA-N"," 196.0596"," 1.82","NOFNCLGCUJJPKU-UHFFFAOYSA-N"
" Cysteine-S-sulfate_NOKPBJYHPHHWAN-REOHCLBHSA-N"," 200.9766"," 7.62","NOKPBJYHPHHWAN-REOHCLBHSA-N"
" 3-Hydroxy-3-methylglutarate_NPOAOTPXWNWTSH-UHFFFAOYSA-N"," 162.0528"," 0.95","NPOAOTPXWNWTSH-UHFFFAOYSA-N"
" 3-HYDROXYMETHYLGLUTARATE_NPOAOTPXWNWTSH-UHFFFAOYSA-N"," 162.0528"," 8.10","NPOAOTPXWNWTSH-UHFFFAOYSA-N"
" PENTANOATE_NQPDZGIKBAWPEJ-UHFFFAOYSA-N"," 102.0681"," 1.16","NQPDZGIKBAWPEJ-UHFFFAOYSA-N"
" N-Formylphenylalanine_NSTPXGARCQOSAU-VIFPVBQESA-N"," 193.0739"," 1.00","NSTPXGARCQOSAU-VIFPVBQESA-N"
" L-Targinine (FREE BASE)_NTNWOCRCBQPEKQ-YFKPBYRVSA-N"," 188.1273"," 9.00","NTNWOCRCBQPEKQ-YFKPBYRVSA-N"
" GUANOSINE_NYHBQMYGNKIUIF-UUOKFMHZSA-N"," 283.0917"," 6.68","NYHBQMYGNKIUIF-UUOKFMHZSA-N"
" 3,5-DIIODO-L-TYROSINE_NYPYHUZRZVSYKL-ZETCQYMHSA-N"," 432.8672"," 6.13","NYPYHUZRZVSYKL-ZETCQYMHSA-N"
" Cyclohexanecarboxylic Acid_NZNMSOFKMUBTKW-UHFFFAOYSA-N"," 128.0837"," 0.80","NZNMSOFKMUBTKW-UHFFFAOYSA-N"
" ARGININE_ODKSFYDXXFIFQN-BYPYZUCNSA-N"," 174.1117"," 9.24","ODKSFYDXXFIFQN-BYPYZUCNSA-N"
" 7-Hydroxyoctanoic acid_OFCMTSZRXXFMBQ-UHFFFAOYSA-N"," 160.1099"," 0.80","OFCMTSZRXXFMBQ-UHFFFAOYSA-N"
" ADENOSINE_OIRDTQYFTABQOQ-KQYNXXCUSA-N"," 267.0968"," 2.80","OIRDTQYFTABQOQ-KQYNXXCUSA-N"
" N-ACETYLGLYCINE_OKJIRPAQVSHGFK-UHFFFAOYSA-N"," 117.0426"," 6.73","OKJIRPAQVSHGFK-UHFFFAOYSA-N"
" Salicyluric acid_ONJSZLXSECQROL-UHFFFAOYSA-N"," 195.0532"," 1.24","ONJSZLXSECQROL-UHFFFAOYSA-N"
" N-Acetylaspartylglutamic acid_OPVPGKGADVGKTG-BQBZGAKWSA-N"," 304.0907"," 7.86","OPVPGKGADVGKTG-BQBZGAKWSA-N"
" Umbelliferone_ORHBXUUXSCNDEV-UHFFFAOYSA-N"," 162.0317"," 0.72","ORHBXUUXSCNDEV-UHFFFAOYSA-N"
" N-ACETYLASPARTATE_OTCCIMWXFLJLIA-BYPYZUCNSA-N"," 175.0481"," 7.55","OTCCIMWXFLJLIA-BYPYZUCNSA-N"
" Gamma-Tocotrienol_OTXNTMVVOOBZCV-WAZJVIJMSA-N"," 410.3185"," 14.00","OTXNTMVVOOBZCV-WAZJVIJMSA-N"
" FOLATE_OVBPIULPVIDEAO-LBPRGKRZSA-N"," 441.1397"," 7.54","OVBPIULPVIDEAO-LBPRGKRZSA-N"
" N-ACETYLMANNOSAMINE_OVRNDRQMDRJTHS-OZRXBMAMSA-N"," 221.0899"," 6.83","OVRNDRQMDRJTHS-OZRXBMAMSA-N"
" Quercitrin_OXGUCUVFOIWWQJ-HQBVPOQASA-N"," 448.1006"," 6.41","OXGUCUVFOIWWQJ-HQBVPOQASA-N"
" AMINOADIPATE_OYIFNHCXNCRBQI-UHFFFAOYSA-N"," 161.0688"," 8.11","OYIFNHCXNCRBQI-UHFFFAOYSA-N"
" 3-(3,4-Dihydroxyphenyl)lactic acid_PAFLSMZLRSPALU-UHFFFAOYSA-N"," 198.0528"," 9.19","PAFLSMZLRSPALU-UHFFFAOYSA-N"
" Sinapic acid_PCMORTLOPMLEFB-ONEGZZNKSA-N"," 224.0685"," 0.79","PCMORTLOPMLEFB-ONEGZZNKSA-N"
" 3-METHOXYTYROSINE_PFDUUKDQEHURQC-UHFFFAOYSA-N"," 211.0845"," 7.06","PFDUUKDQEHURQC-UHFFFAOYSA-N"
" (+)-Catechin_PFTAWBLQPZVEMU-DZGCQCFKSA-N"," 290.0790"," 1.21","PFTAWBLQPZVEMU-DZGCQCFKSA-N"
" (-)-Catechin_PFTAWBLQPZVEMU-HIFRSBDPSA-N"," 290.0790"," 1.28","PFTAWBLQPZVEMU-HIFRSBDPSA-N"
" (-)-Epicatechin_PFTAWBLQPZVEMU-UKRRQHHQSA-N"," 290.0790"," 0.94","PFTAWBLQPZVEMU-UKRRQHHQSA-N"
" Sinigrin_PHZOWSSBXJXFOR-PTGZALFTSA-N"," 359.0345"," 6.03","PHZOWSSBXJXFOR-PTGZALFTSA-N"
" Casticin_PJQLSMYMOKWUJG-UHFFFAOYSA-N"," 374.1002"," 0.68","PJQLSMYMOKWUJG-UHFFFAOYSA-N"
" Indoleacrylic acid_PLVPPLCLBIEYEA-AATRIKPKSA-N"," 187.0633"," 0.74","PLVPPLCLBIEYEA-AATRIKPKSA-N"
" TRANS-4-HYDROXY-L-PROLINE_PMMYEEVYMWASQN-DMTCNVIQSA-N"," 131.0582"," 7.84","PMMYEEVYMWASQN-DMTCNVIQSA-N"
" CIS-4-HYDROXY-D-PROLINE_PMMYEEVYMWASQN-QWWZWVQMSA-N"," 131.0582"," 7.93","PMMYEEVYMWASQN-QWWZWVQMSA-N"
" ALLANTOIN_POJWUDADGALRAB-UHFFFAOYSA-N"," 158.0440"," 4.39","POJWUDADGALRAB-UHFFFAOYSA-N"
" 5-Acetylamino-6-amino-3-methyluracil_POQOTWQIYYNXAT-UHFFFAOYSA-N"," 198.0753"," 4.37","POQOTWQIYYNXAT-UHFFFAOYSA-N"
" 6beta-Hydroxyasiatic acid_PRAUVHZJPXOEIF-VGKQSNDQSA-N"," 504.3451"," 1.18","PRAUVHZJPXOEIF-VGKQSNDQSA-N"
" 4-IMIDAZOLEACETATE_PRJKNHOMHKJCEJ-UHFFFAOYSA-N"," 126.0429"," 8.05","PRJKNHOMHKJCEJ-UHFFFAOYSA-N"
" Harman_PSFDQSOCUJVVGF-UHFFFAOYSA-N"," 182.0844"," 1.42","PSFDQSOCUJVVGF-UHFFFAOYSA-N"
" Pseudouridine_PTJWIQPHWPFNBW-GBNDHIKLSA-N"," 244.0695"," 6.49","PTJWIQPHWPFNBW-GBNDHIKLSA-N"
" Pseudouridine_PTJWIQPHWPFNBW-GBNDHIKLSA-N"," 244.0695"," 6.52","PTJWIQPHWPFNBW-GBNDHIKLSA-N"
" NICOTINATE_PVNIIMVLHYAWGP-UHFFFAOYSA-N"," 123.0320"," 2.35","PVNIIMVLHYAWGP-UHFFFAOYSA-N"
" PALATINOSE_PVXPPJIGRGXGCY-UHFFFAOYSA-N"," 342.1162"," 8.46","PVXPPJIGRGXGCY-UHFFFAOYSA-N"
" OROTATE_PXQPEWDEAKTCGB-UHFFFAOYSA-N"," 156.0171"," 6.96","PXQPEWDEAKTCGB-UHFFFAOYSA-N"
" Quinoline-4,8-diol_PYELIMVFIITPER-UHFFFAOYSA-N"," 161.0477"," 0.95","PYELIMVFIITPER-UHFFFAOYSA-N"
" N-FORMYL-L-METHIONINE_PYUSHNKNPOHWEZ-YFKPBYRVSA-N"," 177.0460"," 2.11","PYUSHNKNPOHWEZ-YFKPBYRVSA-N"
" Ferulic acid 4-sulfate_PZPATWACAAOHTJ-HWKANZROSA-N"," 274.0147"," 0.99","PZPATWACAAOHTJ-HWKANZROSA-N"
" (-)-Gossypol_QBKSWRVVCFFDOT-UHFFFAOYSA-N"," 518.1941"," 0.70","QBKSWRVVCFFDOT-UHFFFAOYSA-N"
" AMINOISOBUTANOATE_QCHPKSFMDHPSNR-UHFFFAOYSA-N"," 103.0633"," 8.43","QCHPKSFMDHPSNR-UHFFFAOYSA-N"
" Propylparaben_QELSKZZBTMNZEB-UHFFFAOYSA-N"," 180.0786"," 0.68","QELSKZZBTMNZEB-UHFFFAOYSA-N"
" 1-Methyluric acid_QFDRTQONISXGJA-UHFFFAOYSA-N"," 182.0440"," 4.90","QFDRTQONISXGJA-UHFFFAOYSA-N"
" 1-Methyluric acid_QFDRTQONISXGJA-UHFFFAOYSA-N"," 182.0440"," 4.91","QFDRTQONISXGJA-UHFFFAOYSA-N"
" HIPPURATE_QIAFMBKCNZACKA-UHFFFAOYSA-N"," 179.0582"," 1.52","QIAFMBKCNZACKA-UHFFFAOYSA-N"
" STEARATE_QIQXTHQIDYTFRH-UHFFFAOYSA-N"," 284.2715"," 13.90","QIQXTHQIDYTFRH-UHFFFAOYSA-N"
" TRYPTOPHAN_QIVBCDIJIAJPQS-SECBINFHSA-N"," 204.0899"," 6.37","QIVBCDIJIAJPQS-SECBINFHSA-N"
" 3-AMINO-5-HYDROXYBENZOATE_QPEJHSFTZVMSJH-UHFFFAOYSA-N"," 153.0426"," 1.14","QPEJHSFTZVMSJH-UHFFFAOYSA-N"
" Hexadecanedioic acid_QQHJDPROMQRDLA-UHFFFAOYSA-N"," 286.2144"," 0.72","QQHJDPROMQRDLA-UHFFFAOYSA-N"
" HOMOVANILLATE_QRMZSPFSDQBLIX-UHFFFAOYSA-N"," 182.0579"," 0.82","QRMZSPFSDQBLIX-UHFFFAOYSA-N"
" Carnosic acid_QRYRORQUOLYVBU-YBMSBYLISA-N"," 332.1988"," 0.73","QRYRORQUOLYVBU-YBMSBYLISA-N"
" PARAXANTHINE_QUNWUDVFRNGTCO-UHFFFAOYSA-N"," 180.0647"," 0.94","QUNWUDVFRNGTCO-UHFFFAOYSA-N"
" Hesperidine_QUQPHWDTPGMPEX-UNZJSITISA-N"," 610.1898"," 4.51","QUQPHWDTPGMPEX-UNZJSITISA-N"
" o-Cresol_QWVGKYWNOKOFNN-UHFFFAOYSA-N"," 108.0575"," 0.82","QWVGKYWNOKOFNN-UHFFFAOYSA-N"
" PYRIDOXAL_RADKZDMFGJYCBB-UHFFFAOYSA-N"," 167.0582"," 1.42","RADKZDMFGJYCBB-UHFFFAOYSA-N"
" 2-Aminoheptanoate_RDFMDVXONNIGBC-LURJTMIESA-N"," 145.1103"," 6.19","RDFMDVXONNIGBC-LURJTMIESA-N"
" 5-Acetylamino-6-formylamino-3-methyluracil_RDZNZFGKEVDNPK-UHFFFAOYSA-N"," 226.0702"," 1.30","RDZNZFGKEVDNPK-UHFFFAOYSA-N"
" Quercetin_REFJWTPEDVJJIY-UHFFFAOYSA-N"," 302.0427"," 0.88","REFJWTPEDVJJIY-UHFFFAOYSA-N"
" Harmaline_RERZNCLIYCABFS-UHFFFAOYSA-N"," 214.1106"," 1.90","RERZNCLIYCABFS-UHFFFAOYSA-N"
" GLYCOCHOLATE_RFDAIACWWDREDC-FRVQLJSFSA-N"," 465.3090"," 5.88","RFDAIACWWDREDC-FRVQLJSFSA-N"
" N-ACETYLGLUTAMATE_RFMMMVDNIPUKGG-UHFFFAOYSA-N"," 189.0637"," 7.49","RFMMMVDNIPUKGG-UHFFFAOYSA-N"
" Oleuropein_RFWGABANNQMHMZ-WLFYAOHHSA-N"," 540.1843"," 2.06","RFWGABANNQMHMZ-WLFYAOHHSA-N"
" Galactonic acid_RGHNJXZEOKUKBD-MGCNEYSASA-N"," 196.0583"," 1.82","RGHNJXZEOKUKBD-MGCNEYSASA-N"
" 7-Ketodeoxycholate_RHCPKKNRWFXMAT-RRWYKFPJSA-N"," 406.2719"," 0.98","RHCPKKNRWFXMAT-RRWYKFPJSA-N"
" CITRULLINE_RHGKLRLOHDJJDR-BYPYZUCNSA-N"," 175.0957"," 8.47","RHGKLRLOHDJJDR-BYPYZUCNSA-N"
" Emodin_RHMXXJGYXNZAPX-UHFFFAOYSA-N"," 270.0528"," 0.70","RHMXXJGYXNZAPX-UHFFFAOYSA-N"
" Scopoletin_RODXRVNMMDRFIK-UHFFFAOYSA-N"," 192.0423"," 0.72","RODXRVNMMDRFIK-UHFFFAOYSA-N"
" 5,7-Dihydroxyflavone_RTIXKCRFFJGDFG-UHFFFAOYSA-N"," 254.0579"," 0.68","RTIXKCRFFJGDFG-UHFFFAOYSA-N"
" AICA-riboside_RTRQQBHATOEIAF-UUOKFMHZSA-N"," 258.0964"," 4.48","RTRQQBHATOEIAF-UUOKFMHZSA-N"
" CAFFEINE_RYYVLZVUVIJVGH-UHFFFAOYSA-N"," 194.0804"," 6.87","RYYVLZVUVIJVGH-UHFFFAOYSA-N"
" Silibinin_SEBFKMXJBCUCAI-UHFFFAOYSA-N"," 482.1213"," 0.74","SEBFKMXJBCUCAI-UHFFFAOYSA-N"
" NORADRENALINE_SFLSHLFXELFNJZ-QMMMGPOBSA-N"," 169.0739"," 7.25","SFLSHLFXELFNJZ-QMMMGPOBSA-N"
" 1-HYDROXY-2-NAPHTHOATE_SJJCQDRGABAVBB-UHFFFAOYSA-N"," 188.0473"," 0.82","SJJCQDRGABAVBB-UHFFFAOYSA-N"
" 1-Deoxy-D-glucitol_SKCKOFZKJLZSFA-UHFFFAOYSA-N"," 166.0841"," 4.96","SKCKOFZKJLZSFA-UHFFFAOYSA-N"
" SALICYLAMIDE_SKZKKFZAGNVIMN-UHFFFAOYSA-N"," 137.0477"," 0.72","SKZKKFZAGNVIMN-UHFFFAOYSA-N"
" Ginkgolide B_SQOJOAFXDQDRGF-UHFFFAOYSA-N"," 424.1369"," 0.72","SQOJOAFXDQDRGF-UHFFFAOYSA-N"
" Serylalanine_SSJMZMUVNKEENT-IMJSIDKUSA-N"," 176.0797"," 8.48","SSJMZMUVNKEENT-IMJSIDKUSA-N"
" 2',4'-DIHYDROXYACETOPHENONE_SULYEHHGGXARJS-UHFFFAOYSA-N"," 152.0473"," 0.70","SULYEHHGGXARJS-UHFFFAOYSA-N"
" METHIONINE SULFOXIMINE_SXTAYKAGBXMACB-UHFFFAOYSA-N"," 180.0569"," 8.47","SXTAYKAGBXMACB-UHFFFAOYSA-N"
" L-GULONOLACTONE_SXZYCXMUPBBULW-UHFFFAOYSA-N"," 178.0477"," 2.94","SXZYCXMUPBBULW-UHFFFAOYSA-N"
" 4-GUANIDINOBUTANOATE_TUHVEAJXIMEOSA-UHFFFAOYSA-N"," 145.0851"," 6.89","TUHVEAJXIMEOSA-UHFFFAOYSA-N"
" Isonicotinic acid_TWBYWOBDOCUKOW-UHFFFAOYSA-N"," 123.0320"," 3.30","TWBYWOBDOCUKOW-UHFFFAOYSA-N"
" XANTHOSINE_UBORTCNDUKBEOP-UUOKFMHZSA-N"," 284.0757"," 6.62","UBORTCNDUKBEOP-UUOKFMHZSA-N"
" 4,5-Di-O-caffeoylquinic acid_UFCLZKMFXSILNL-RVXRWRFUSA-N"," 516.1268"," 6.94","UFCLZKMFXSILNL-RVXRWRFUSA-N"
" 4,5-Dihydroorotic acid_UFIVEPVSAGBUSI-UHFFFAOYSA-N"," 158.0328"," 7.53","UFIVEPVSAGBUSI-UHFFFAOYSA-N"
" 2,4-Dihydroxybutanoic acid_UFYGCFHQAXXBCF-UHFFFAOYSA-N"," 120.0423"," 12.88","UFYGCFHQAXXBCF-UHFFFAOYSA-N"
" GLUCOSAMINATE_UFYKDFXCZBTLOO-UHFFFAOYSA-N"," 195.0743"," 9.38","UFYKDFXCZBTLOO-UHFFFAOYSA-N"
" 16-Hydroxy hexadecanoic acid_UGAGPNKCDRTDHP-UHFFFAOYSA-N"," 272.2351"," 0.72","UGAGPNKCDRTDHP-UHFFFAOYSA-N"
" N-FORMYLGLYCINE_UGJBHEZMOKVTIM-UHFFFAOYSA-N"," 103.0269"," 7.20","UGJBHEZMOKVTIM-UHFFFAOYSA-N"
" INOSINE_UGQMRVRMYYASKQ-KQYNXXCUSA-N"," 268.0808"," 5.71","UGQMRVRMYYASKQ-KQYNXXCUSA-N"
" CYTIDINE_UHDGCWIWMRVCDJ-XVFCMESISA-N"," 243.0855"," 6.48","UHDGCWIWMRVCDJ-XVFCMESISA-N"
" 2,4-Dihydroxybenzoic Acid_UIAFKZKHHVMJGS-UHFFFAOYSA-N"," 154.0266"," 0.70","UIAFKZKHHVMJGS-UHFFFAOYSA-N"
" THIOPURINE S-METHYLETHER_UIJIQXGRFSPYQW-UHFFFAOYSA-N"," 166.0313"," 0.87","UIJIQXGRFSPYQW-UHFFFAOYSA-N"
" HOMOSERINE_UKAUYVFTDYCKQA-VKHMYHEASA-N"," 119.0582"," 8.06","UKAUYVFTDYCKQA-VKHMYHEASA-N"
" 12-Hydroxystearic acid_ULQISTXYYBZJSJ-UHFFFAOYSA-N"," 300.2664"," 0.73","ULQISTXYYBZJSJ-UHFFFAOYSA-N"
" THIOUREA_UMGDCJDMYOKAJW-UHFFFAOYSA-N"," 76.0095"," 0.92","UMGDCJDMYOKAJW-UHFFFAOYSA-N"
" Hexanoylglycine_UPCKIPHSXMXJOX-UHFFFAOYSA-N"," 173.1052"," 1.28","UPCKIPHSXMXJOX-UHFFFAOYSA-N"
" STACHYOSE_UQZIYBXSHAGNOE-XNSRJBNMSA-N"," 666.2219"," 9.89","UQZIYBXSHAGNOE-XNSRJBNMSA-N"
" Phenylacetylglycine_UTYVDVLMYQPLQB-UHFFFAOYSA-N"," 193.0739"," 1.44","UTYVDVLMYQPLQB-UHFFFAOYSA-N"
" 3,5-Dihydroxybenzoic acid_UYEMGAFJOZZIFP-UHFFFAOYSA-N"," 154.0266"," 1.28","UYEMGAFJOZZIFP-UHFFFAOYSA-N"
" 3,5-Dihydroxybenzoic acid_UYEMGAFJOZZIFP-UHFFFAOYSA-N"," 154.0266"," 0.91","UYEMGAFJOZZIFP-UHFFFAOYSA-N"
" 2,4-DIHYDROXYPTERIDINE_UYEUUXMDVNYCAM-UHFFFAOYSA-N"," 164.0334"," 1.02","UYEUUXMDVNYCAM-UHFFFAOYSA-N"
" GUANINE_UYTPUPDQBNUYGX-UHFFFAOYSA-N"," 151.0494"," 5.89","UYTPUPDQBNUYGX-UHFFFAOYSA-N"
" 4-ACETAMIDOBUTANOATE_UZTFMUBKZQVKLK-UHFFFAOYSA-N"," 145.0739"," 1.36","UZTFMUBKZQVKLK-UHFFFAOYSA-N"
" L-N-(1H-Indol-3-ylacetyl)aspartic acid_VAFNMNRKDDAKRM-UHFFFAOYSA-N"," 290.0903"," 4.43","VAFNMNRKDDAKRM-UHFFFAOYSA-N"
" Norizalpinin_VCCRNZQBSJXYJD-UHFFFAOYSA-N"," 270.0528"," 0.70","VCCRNZQBSJXYJD-UHFFFAOYSA-N"
" N-ALPHA-ACETYLLYSINE_VEYYWZRYIYDQJM-UHFFFAOYSA-N"," 188.1161"," 8.02","VEYYWZRYIYDQJM-UHFFFAOYSA-N"
" N-alpha-Acetyl-L-lysine_VEYYWZRYIYDQJM-ZETCQYMHSA-N"," 188.1161"," 8.00","VEYYWZRYIYDQJM-ZETCQYMHSA-N"
" Curcumin_VFLDPWHFBUODDF-FCXRPNKRSA-N"," 368.1260"," 0.70","VFLDPWHFBUODDF-FCXRPNKRSA-N"
" Phloretin_VGEREEWJJVICBM-UHFFFAOYSA-N"," 274.0841"," 0.77","VGEREEWJJVICBM-UHFFFAOYSA-N"
" gamma-CEHC_VMJQLPNCUPGMNQ-UHFFFAOYSA-N"," 264.1362"," 0.72","VMJQLPNCUPGMNQ-UHFFFAOYSA-N"
" 4-QUINOLINECARBOXYLATE_VQMSRUREDGBWKT-UHFFFAOYSA-N"," 173.0477"," 2.48","VQMSRUREDGBWKT-UHFFFAOYSA-N"
" GUANIDINOSUCCINATE_VVHOUVWJCQOYGG-REOHCLBHSA-N"," 175.0593"," 8.41","VVHOUVWJCQOYGG-REOHCLBHSA-N"
" FUMARATE_VZCYOOQTPOCHFL-OWOJBTEDSA-N"," 116.0110"," 0.98","VZCYOOQTPOCHFL-OWOJBTEDSA-N"
" MALEATE_VZCYOOQTPOCHFL-UPHRSURJSA-N"," 116.0110"," 0.92","VZCYOOQTPOCHFL-UPHRSURJSA-N"
" O-ACETYLSERINE_VZXPDPZARILFQX-BYPYZUCNSA-N"," 147.0532"," 8.42","VZXPDPZARILFQX-BYPYZUCNSA-N"
" Taurocholic acid_WBWWGRHZICKQGZ-HZAMXZRMSA-N"," 515.2917"," 5.93","WBWWGRHZICKQGZ-HZAMXZRMSA-N"
" p-Cresol sulfate_WGNAKZGUSRVWRH-UHFFFAOYSA-N"," 188.0143"," 0.72","WGNAKZGUSRVWRH-UHFFFAOYSA-N"
" CORTEXOLONE_WHBHBVVOGNECLV-OBQKJFGGSA-N"," 346.2144"," 0.74","WHBHBVVOGNECLV-OBQKJFGGSA-N"
" 3-HYDROXYBUTANOATE_WHBMMWSBFZVSSR-GSVOUGTGSA-N"," 104.0473"," 0.87","WHBMMWSBFZVSSR-GSVOUGTGSA-N"
" GLUTAMATE_WHUUTDBJXJRKMK-VKHMYHEASA-N"," 147.0532"," 8.44","WHUUTDBJXJRKMK-VKHMYHEASA-N"
" 3-Carboxy-4-methyl-5-propyl-2-furanpropionic acid_WMCQWXZMVIETAO-UHFFFAOYSA-N"," 240.0998"," 0.83","WMCQWXZMVIETAO-UHFFFAOYSA-N"
" Ectoine_WQXNXVUDBPYKBA-UHFFFAOYSA-N"," 142.0742"," 7.74","WQXNXVUDBPYKBA-UHFFFAOYSA-N"
" ALPHA-D-GLUCOSE_WQZGKKKJIJFFOK-DVKNGEFBSA-N"," 180.0634"," 7.49","WQZGKKKJIJFFOK-DVKNGEFBSA-N"
" ALLOSE_WQZGKKKJIJFFOK-HOWGCPQDSA-N"," 180.0634"," 7.49","WQZGKKKJIJFFOK-HOWGCPQDSA-N"
" GALACTOSE_WQZGKKKJIJFFOK-PHYPRBDBSA-N"," 180.0634"," 7.49","WQZGKKKJIJFFOK-PHYPRBDBSA-N"
" MANNOSE_WQZGKKKJIJFFOK-QTVWNMPRSA-N"," 180.0634"," 7.49","WQZGKKKJIJFFOK-QTVWNMPRSA-N"
" PYRROLE-2-CARBOXYLATE_WRHZVMBBRYBTKZ-UHFFFAOYSA-N"," 111.0320"," 0.86","WRHZVMBBRYBTKZ-UHFFFAOYSA-N"
" Biochanin A_WUADCCWRTIWANL-UHFFFAOYSA-N"," 284.0685"," 0.68","WUADCCWRTIWANL-UHFFFAOYSA-N"
" Homoveratric acid_WUAXWQRULBZETB-UHFFFAOYSA-N"," 196.0736"," 0.77","WUAXWQRULBZETB-UHFFFAOYSA-N"
" 5'-Methylthioadenosine_WUUGFSXJNOTRMR-IOSLPCCCSA-N"," 297.0896"," 1.26","WUUGFSXJNOTRMR-IOSLPCCCSA-N"
" METHYLTHIOADENOSINE_WUUGFSXJNOTRMR-IOSLPCCCSA-N"," 297.0896"," 1.08","WUUGFSXJNOTRMR-IOSLPCCCSA-N"
" CDP-ETHANOLAMINE_WVIMUEUQJFPNDK-PEBGCTIMSA-N"," 446.0604"," 9.83","WVIMUEUQJFPNDK-PEBGCTIMSA-N"
" Deoxycholic acid glycine conjugate_WVULKSPCQVQLCU-ZMBDPXIHSA-N"," 449.3141"," 2.49","WVULKSPCQVQLCU-ZMBDPXIHSA-N"
" N-ACETYLLEUCINE_WXNXCEHXYPACJF-ZETCQYMHSA-N"," 173.1052"," 1.22","WXNXCEHXYPACJF-ZETCQYMHSA-N"
" Gentisic acid_WXTMDXOMEHJXQO-UHFFFAOYSA-N"," 154.0266"," 1.89","WXTMDXOMEHJXQO-UHFFFAOYSA-N"
" Lithocholic acid glycine conjugate_XBSQTYHEGZTYJE-OETIFKLTSA-N"," 433.3192"," 1.24","XBSQTYHEGZTYJE-OETIFKLTSA-N"
" 3-Hydroxyhippuric acid_XDOFWFNMYJRHEW-UHFFFAOYSA-N"," 195.0532"," 3.25","XDOFWFNMYJRHEW-UHFFFAOYSA-N"
" Aesculin_XHCADAYNFIFUHF-UHFFFAOYSA-N"," 340.0794"," 3.23","XHCADAYNFIFUHF-UHFFFAOYSA-N"
" gamma-Glutamylphenylalanine_XHHOHZPNYFQJKL-QWRGUYRKSA-N"," 294.1216"," 7.62","XHHOHZPNYFQJKL-QWRGUYRKSA-N"
" 3-Phenylpropionylglycine_XHSURMJJKAFELI-UHFFFAOYSA-N"," 207.0895"," 1.26","XHSURMJJKAFELI-UHFFFAOYSA-N"
" N-Acetylhistamine_XJWPISBUKWZALE-UHFFFAOYSA-N"," 153.0902"," 5.89","XJWPISBUKWZALE-UHFFFAOYSA-N"
" N-METHYLGLUTAMATE_XLBVNMSMFQMKEY-UHFFFAOYSA-N"," 161.0688"," 8.09","XLBVNMSMFQMKEY-UHFFFAOYSA-N"
" 2-Ketohexanoic acid_XNIHZNNZJHYHLC-UHFFFAOYSA-N"," 130.0630"," 1.60","XNIHZNNZJHYHLC-UHFFFAOYSA-N"
" THYROTROPIN RELEASING HORMONE_XNSAINXGIQZQOO-SRVKXCTJSA-N•À?"," 362.1703"," 7.28","XNSAINXGIQZQOO-SRVKXCTJSA-N•À?"
" TAURINE_XOAAWQZATWQOTB-UHFFFAOYSA-N"," 125.0147"," 7.59","XOAAWQZATWQOTB-UHFFFAOYSA-N"
" P-HYDROXYPHENYLACETATE_XQXPVVBIMDBYFF-UHFFFAOYSA-N"," 152.0473"," 0.82","XQXPVVBIMDBYFF-UHFFFAOYSA-N"
" THYROXINE_XUIIKFGFIJCVMT-LBPRGKRZSA-N"," 776.6867"," 5.38","XUIIKFGFIJCVMT-LBPRGKRZSA-N"
" N-ACETYLMETHIONINE_XUYPXLNMDZIRQH-UHFFFAOYSA-N"," 191.0616"," 1.77","XUYPXLNMDZIRQH-UHFFFAOYSA-N"
" CYSTEATE_XVOYSCVBGLVSOL-UHFFFAOYSA-N"," 169.0045"," 8.53","XVOYSCVBGLVSOL-UHFFFAOYSA-N"
" Cinnamoylglycine_YAADMLWHGMUGQL-VOTSOKGWSA-N"," 205.0739"," 1.38","YAADMLWHGMUGQL-VOTSOKGWSA-N"
" THEOBROMINE_YAPQBXQYLJRXSA-UHFFFAOYSA-N"," 180.0647"," 0.94","YAPQBXQYLJRXSA-UHFFFAOYSA-N"
" BIOTIN_YBJHBAHKTGYVGT-ZKWXMUAHSA-N"," 244.0882"," 1.32","YBJHBAHKTGYVGT-ZKWXMUAHSA-N"
" PYROCATECHOL_YCIMNLLNPGFGHC-UHFFFAOYSA-N"," 110.0368"," 1.14","YCIMNLLNPGFGHC-UHFFFAOYSA-N"
" 5-Hydroxyhexanoic acid_YDCRNMJQROAWFT-UHFFFAOYSA-N"," 132.0786"," 0.90","YDCRNMJQROAWFT-UHFFFAOYSA-N"
" Asymmetric dimethylarginine_YDGMGEXADBMOMJ-LURJTMIESA-N"," 202.1430"," 8.98","YDGMGEXADBMOMJ-LURJTMIESA-N"
" N,N-DIMETHYLARGININE_YDGMGEXADBMOMJ-LURJTMIESA-N"," 202.1430"," 9.00","YDGMGEXADBMOMJ-LURJTMIESA-N"
" Phenylpropionylglycine_YEIQSAXUPKPPBN-UHFFFAOYSA-N"," 207.0895"," 1.31","YEIQSAXUPKPPBN-UHFFFAOYSA-N"
" SALICYLATE_YGSDEFSMJLZEOE-UHFFFAOYSA-N"," 138.0317"," 0.90","YGSDEFSMJLZEOE-UHFFFAOYSA-N"
" 10-HYDROXYDECANOATE_YJCJVMMDTBEITC-UHFFFAOYSA-N"," 188.1412"," 0.76","YJCJVMMDTBEITC-UHFFFAOYSA-N"
" DEOXYGUANOSINE_YKBGVTZYEHREMT-KVQBGUIXSA-N"," 267.0968"," 5.94","YKBGVTZYEHREMT-KVQBGUIXSA-N"
" Protocatechuic acid_YQUVCSBJEUQKSH-UHFFFAOYSA-N"," 154.0266"," 1.12","YQUVCSBJEUQKSH-UHFFFAOYSA-N"
" 5-HYDROXYLYSINE_YSMODUONRAFBET-UHNVWZDZSA-N"," 162.1004"," 9.69","YSMODUONRAFBET-UHNVWZDZSA-N"
" DTDP-D-GLUCOSE_YSYKRGRSMLTJNL-KFQCIAAJSA-N"," 564.0758"," 9.58","YSYKRGRSMLTJNL-KFQCIAAJSA-N"
" 3,4,5-Trimethoxycinnamic acid_YTFVRYKNXDADBI-SNAWJCMRSA-N"," 238.0841"," 0.73","YTFVRYKNXDADBI-SNAWJCMRSA-N"
" Amentoflavone_YUSWMAULDXZHPY-UHFFFAOYSA-N"," 538.0900"," 0.84","YUSWMAULDXZHPY-UHFFFAOYSA-N"
" Ginkgolic acid_YXHVCZZLWZYHSA-BQYQJAHWSA-N"," 346.2508"," 0.72","YXHVCZZLWZYHSA-BQYQJAHWSA-N"
" Morin_YXOLAZRVSSWPPT-UHFFFAOYSA-N"," 302.0427"," 1.03","YXOLAZRVSSWPPT-UHFFFAOYSA-N"
" OMEGA-HYDROXYDODECANOATE_ZDHCZVWCTKTBRY-UHFFFAOYSA-N"," 216.1725"," 0.72","ZDHCZVWCTKTBRY-UHFFFAOYSA-N"
" GLUTAMINE_ZDXPYRJPNDTMRX-VKHMYHEASA-N"," 146.0691"," 8.29","ZDXPYRJPNDTMRX-VKHMYHEASA-N"
" S-Allylcysteine_ZFAHNWWNDFHPOH-UHFFFAOYSA-N"," 161.0510"," 6.46","ZFAHNWWNDFHPOH-UHFFFAOYSA-N"
" THEOPHYLLINE_ZFXYFBGIUFBOJW-UHFFFAOYSA-N"," 180.0647"," 0.92","ZFXYFBGIUFBOJW-UHFFFAOYSA-N"
" 4-Hydroxyphenyl-2-propionic acid_ZHMMPVANGNPCBW-UHFFFAOYSA-N"," 166.0630"," 0.78","ZHMMPVANGNPCBW-UHFFFAOYSA-N"
" 3,5-DIIODO-L-THYRONINE_ZHSOTLOTTDYIIK-UHFFFAOYSA-N"," 524.8934"," 5.67","ZHSOTLOTTDYIIK-UHFFFAOYSA-N"
" Geniposidic acid_ZJDOESGVOWAULF-UHFFFAOYSA-N"," 374.1213"," 6.53","ZJDOESGVOWAULF-UHFFFAOYSA-N"
" LUMICHROME_ZJTJUVIJVLLGSP-UHFFFAOYSA-N"," 242.0804"," 0.96","ZJTJUVIJVLLGSP-UHFFFAOYSA-N"
" S-ADENOSYLHOMOCYSTEINE_ZJUKTBDSGOFHSH-WFMPWKQPSA-N"," 384.1216"," 8.39","ZJUKTBDSGOFHSH-WFMPWKQPSA-N"
" ANILINE-2-SULFONATE_ZMCHBSMFKQYNKA-UHFFFAOYSA-N"," 173.0147"," 0.92","ZMCHBSMFKQYNKA-UHFFFAOYSA-N"
" 4-Hydroxyhippuric acid_ZMHLUFWWWPBTIU-UHFFFAOYSA-N"," 195.0532"," 3.54","ZMHLUFWWWPBTIU-UHFFFAOYSA-N"
" 2-Ethylhydracrylic acid_ZMZQVAUJTDKQGE-UHFFFAOYSA-N"," 118.0630"," 0.92","ZMZQVAUJTDKQGE-UHFFFAOYSA-N"
" CYCLIC GMP_ZOOGRGPOEVQQDX-UUOKFMHZSA-N"," 345.0474"," 7.71","ZOOGRGPOEVQQDX-UUOKFMHZSA-N"
" HISTIDINOL_ZQISRDCJNBUVMM-YFKPBYRVSA-N"," 141.0902"," 8.51","ZQISRDCJNBUVMM-YFKPBYRVSA-N"
" Daidzein_ZQSIJRDFPHDXIC-UHFFFAOYSA-N"," 254.0579"," 0.74","ZQSIJRDFPHDXIC-UHFFFAOYSA-N"
" Daidzein_ZQSIJRDFPHDXIC-UHFFFAOYSA-N"," 254.0579"," 0.76","ZQSIJRDFPHDXIC-UHFFFAOYSA-N"
" 2-Methylbenzoic acid_ZWLPBLYKEWSWPD-UHFFFAOYSA-N"," 136.0524"," 2.26","ZWLPBLYKEWSWPD-UHFFFAOYSA-N"
" URACIL 5-CARBOXYLATE_ZXYAAVBXHKCJJB-UHFFFAOYSA-N"," 156.0171"," 3.43","ZXYAAVBXHKCJJB-UHFFFAOYSA-N"
" Coumesterol_ZZIALNLLNHEQPJ-UHFFFAOYSA-N"," 268.0372"," 0.74","ZZIALNLLNHEQPJ-UHFFFAOYSA-N"
" RESORCINOL MONOACETATE_ZZPKZRHERLGEKA-UHFFFAOYSA-N"," 152.0473"," 0.70","ZZPKZRHERLGEKA-UHFFFAOYSA-N"
