name,MZ,RT,INCHIKEY
iSTD_L-Lysine-d3,151.0918,3.17,BVHLGVCQOALMSV-FUVXPQFCSA-N
iSTD_L-Phenylalanine-13C6,172.1069,1.77,COLNVLDHVKWLRT-KILZIXFTSA-N
iSTD_L-Methionine-d3,153.0774,1.07,FFEARJCKVFRZRR-OSIBIXDNSA-N
iSTD_L-carnitine-d9,171.1694,0.78,JXXCENBLGFBQJM-YYKKVQPVSA-N
iSTD_L-Arginine-13C6,181.1393,0.73,KWTQSFXGGICVPE-BJPSCUOKSA-N
iSTD_Creatinine-d3,117.0856,0.78,DDRJAANPRJIHGJ-FIBGUPNXSA-N
iSTD_Lauroyl-carnitine-d3,347.2989,7.17,PDBBUDRTWRVCFN-NZDFJUHXSA-N
iSTD_L-Alanine-d3,93.07435,0.78,QNAYBMKLOCPYGJ-VGCLAIIRSA-N
iSTD_Choline-d9,113.164,0.74,SGMZJAMFUVOLNK-KYRNGWDOSA-M
iSTD_TMAO-d9,85.1328,0.76,UYPYRKYUKCHHIB-GQALSZNTSA-N
iSTD_D-Glutamic Acid-d5,153.0919,0.78,WHUUTDBJXJRKMK-XSDLJHQPSA-N
iSTD_Methylmalonic Acid-d3,122.0969,0.88,ZIYVHBGGAOATLY-FIBGUPNXSA-N
iSTD_L-Serine-d7,113.1639,0.74,MTCFGRXMJLQNBG-DTZHYFPHSA-N
CUDA,341.2809,7.32,HPTJABJPZMULFH-UHFFFAOYSA-N
 LINOLEATE_ OYHQOLUKZRVURQ-HZJYTTRNSA-N,281.2475,7.75, OYHQOLUKZRVURQ-HZJYTTRNSA-N
 QUINATE_AAWZDTNXLSGCEK-LNVDRNJUSA-N,193.0707,0.92,AAWZDTNXLSGCEK-LNVDRNJUSA-N
 Equol_ADFCQWZHKCXPAJ-GFCCVEGCSA-N,243.1016,6.55,ADFCQWZHKCXPAJ-GFCCVEGCSA-N
 Mangiferin_AEDDIBAIWPIIBD-UHFFFAOYSA-N,423.0922,3.75,AEDDIBAIWPIIBD-UHFFFAOYSA-N
 Pectic acid_AEMOLEFTQBMNLQ-BKBMJHBISA-N,217.0319,0.78,AEMOLEFTQBMNLQ-BKBMJHBISA-N
 LYXOSE_AEMOLEFTQBMNLQ-DTEWXJGMSA-N,173.042,0.86,AEMOLEFTQBMNLQ-DTEWXJGMSA-N
 GALACTURONATE_AEMOLEFTQBMNLQ-UHFFFAOYSA-N,217.0319,0.84,AEMOLEFTQBMNLQ-UHFFFAOYSA-N
 GLUCURONATE_AEMOLEFTQBMNLQ-WAXACMCWSA-N,217.0319,0.83,AEMOLEFTQBMNLQ-WAXACMCWSA-N
 Aloin_AFHJQYHRLPMKHU-UHFFFAOYSA-N,419.1337,5.1,AFHJQYHRLPMKHU-UHFFFAOYSA-N
 ISOLEUCINE_AGPKZVBTJJNPAG-WHFBIAKZSA-N,132.1019,2.51,AGPKZVBTJJNPAG-WHFBIAKZSA-N
 L-ORNITHINE_AHLPHDHHMVZTML-BYPYZUCNSA-N,133.0972,0.71,AHLPHDHHMVZTML-BYPYZUCNSA-N
 D-ORNITHINE_AHLPHDHHMVZTML-SCSAIBSYSA-N,133.0972,0.71,AHLPHDHHMVZTML-SCSAIBSYSA-N
 Hesperetin_AIONOLUJZLIMTK-AWEZNQCLSA-N,303.0863,6.65,AIONOLUJZLIMTK-AWEZNQCLSA-N
 Hesperetin_AIONOLUJZLIMTK-AWEZNQCLSA-N,303.0863,6.26,AIONOLUJZLIMTK-AWEZNQCLSA-N
" 2,6-Dihydroxybenzoic acid_AKEUNCKRJATALU-UHFFFAOYSA-N",155.0339,4.48,AKEUNCKRJATALU-UHFFFAOYSA-N
 DL-2-Aminooctanoic acid_AKVBCGQVQXPRLD-UHFFFAOYSA-N,160.1332,4.04,AKVBCGQVQXPRLD-UHFFFAOYSA-N
 DL-2-Aminooctanoic acid_AKVBCGQVQXPRLD-UHFFFAOYSA-N,160.1332,4.05,AKVBCGQVQXPRLD-UHFFFAOYSA-N
 CORTISOL 21-ACETATE_ALEXXDVDDISNDU-UHFFFAOYSA-N,405.2272,6.92,ALEXXDVDDISNDU-UHFFFAOYSA-N
 p-Aminobenzoic acid_ALYNCZNDIQEVRV-UHFFFAOYSA-N,138.055,2.35,ALYNCZNDIQEVRV-UHFFFAOYSA-N
 4-AMINOBENZOATE_ALYNCZNDIQEVRV-UHFFFAOYSA-N,138.055,3.77,ALYNCZNDIQEVRV-UHFFFAOYSA-N
 Ginkgolide C_AMOGMTLMADGEOQ-UHFFFAOYSA-N,441.1391,4.74,AMOGMTLMADGEOQ-UHFFFAOYSA-N
 Lenticin_AOHCBEAZXHZMOR-ZDUSSCGKSA-N,247.1441,3.64,AOHCBEAZXHZMOR-ZDUSSCGKSA-N
 TRYPTAMINE_APJYDQYYACXCRM-UHFFFAOYSA-N,161.1073,4.34,APJYDQYYACXCRM-UHFFFAOYSA-N
 Hesperetin 7-neohesperidoside_ARGKVCXINMKCAZ-UHFFFAOYSA-N,611.197,4.83,ARGKVCXINMKCAZ-UHFFFAOYSA-N
 SPERMIDINE_ATHGHQPFGPMSJY-UHFFFAOYSA-N,146.1652,0.63,ATHGHQPFGPMSJY-UHFFFAOYSA-N
 RIBOFLAVIN_AUNGANRZJHBGPY-SCRDCRAPSA-N,377.1456,4.4,AUNGANRZJHBGPY-SCRDCRAPSA-N
 DETHIOBIOTIN_AUTOLBMXDDTRRT-JGVFFNPUSA-N,215.139,4.85,AUTOLBMXDDTRRT-JGVFFNPUSA-N
 LIOTHYRONINE_AUYYCJSJGJYCDS-LBPRGKRZSA-N,651.7973,6.21,AUYYCJSJGJYCDS-LBPRGKRZSA-N
 DESMOSTEROL_AVSXSVCZWQODGV-DPAQBDIFSA-N,385.3465,9.25,AVSXSVCZWQODGV-DPAQBDIFSA-N
 GLYCEROL 3-PHOSPHATE_AWUCVROLDVIAJX-GSVOUGTGSA-N,173.021,0.83,AWUCVROLDVIAJX-GSVOUGTGSA-N
 THIAMINE PYROPHOSPHATE_AYEKOFBPNLCAJY-UHFFFAOYSA-N,425.0444,0.86,AYEKOFBPNLCAJY-UHFFFAOYSA-N
 THREONINE_AYFVYJQAPQTCCC-GBXIJSLDSA-N,120.0655,0.8,AYFVYJQAPQTCCC-GBXIJSLDSA-N
 ALLOTHREONINE_AYFVYJQAPQTCCC-HRFVKAFMSA-N,120.0655,0.8,AYFVYJQAPQTCCC-HRFVKAFMSA-N
 L-Allothreonine_AYFVYJQAPQTCCC-HRFVKAFMSA-N,120.0655,0.76,AYFVYJQAPQTCCC-HRFVKAFMSA-N
 Eriocitrin_AZXIAVOSESIQNG-SCXABSQUSA-N,597.1814,4.3,AZXIAVOSESIQNG-SCXABSQUSA-N
 BETA-NICOTINAMIDE ADENINE DINUCLEOTIDE_BAWFJGJZGIEFAR-NNYOXOHSSA-N,332.5618,2.13,BAWFJGJZGIEFAR-NNYOXOHSSA-N
 3-METHYL-2-OXINDOLE_BBZCPUCZKLTAJQ-UHFFFAOYSA-N,148.0757,5.75,BBZCPUCZKLTAJQ-UHFFFAOYSA-N
 AZELATE_BDJRBEYXGGNYIS-UHFFFAOYSA-N,211.0941,4.77,BDJRBEYXGGNYIS-UHFFFAOYSA-N
 Kojic acid_BEJNERDRQOWKJM-UHFFFAOYSA-N,143.0339,1.15,BEJNERDRQOWKJM-UHFFFAOYSA-N
 Bergapten_BGEBZHIAGXMEMV-UHFFFAOYSA-N,217.0495,6.74,BGEBZHIAGXMEMV-UHFFFAOYSA-N
 11Z-Eicosenoic acid_BITHHVVYSMSWAG-KTKRTIGZSA-N,311.2945,8.77,BITHHVVYSMSWAG-KTKRTIGZSA-N
 MALATE_BJEPYKJPYRNKOW-UWTATZPHSA-N,157.0107,1.14,BJEPYKJPYRNKOW-UWTATZPHSA-N
 BIS(2-ETHYLHEXYL)PHTHALATE_BJQHLKABXJIVAM-UHFFFAOYSA-N,413.2662,11.3,BJQHLKABXJIVAM-UHFFFAOYSA-N
 Neopterin_BMQYVXCPAOLZOK-UHFFFAOYSA-N,254.0884,0.82,BMQYVXCPAOLZOK-UHFFFAOYSA-N
 1-METHYL-L-HISTIDINE_BRMWTNUJHUMWMS-LURJTMIESA-N,170.0924,0.77,BRMWTNUJHUMWMS-LURJTMIESA-N
 Aspirin_BSYNRYMUTXBXSQ-UHFFFAOYSA-N,91.0284,11.99,BSYNRYMUTXBXSQ-UHFFFAOYSA-N
 PHENYLPYRUVATE_BTNMPGBKDVTSJY-UHFFFAOYSA-N,165.0546,7.32,BTNMPGBKDVTSJY-UHFFFAOYSA-N
" 1-Phenyl-1,2-propanedione_BVQVLAIMHVDZEL-UHFFFAOYSA-N",149.0597,7.57,BVQVLAIMHVDZEL-UHFFFAOYSA-N
 5-Phenylvaleric acid_BYHDDXPKOZIZRV-UHFFFAOYSA-N,179.1067,6.35,BYHDDXPKOZIZRV-UHFFFAOYSA-N
" 1,3,7-Trimethyluric acid_BYXCFUMGEBZDDI-UHFFFAOYSA-N",211.0826,3.23,BYXCFUMGEBZDDI-UHFFFAOYSA-N
" 1,3,7-Trimethyluric acid_BYXCFUMGEBZDDI-UHFFFAOYSA-N",211.0826,3.27,BYXCFUMGEBZDDI-UHFFFAOYSA-N
 Ala-Ala-Ala_BYXHQQCXAJARLQ-UHFFFAOYSA-N,232.1292,0.84,BYXHQQCXAJARLQ-UHFFFAOYSA-N
" N,N-DIMETHYL-1,4-PHENYLENEDIAMINE_BZORFPDSXLZWJF-UHFFFAOYSA-N",137.1073,1.89,BZORFPDSXLZWJF-UHFFFAOYSA-N
 PHOSPHOSERINE_BZQFBWGGLXLEPQ-REOHCLBHSA-N,186.0162,0.84,BZQFBWGGLXLEPQ-REOHCLBHSA-N
 O-PHOSPHOSERINE_BZQFBWGGLXLEPQ-UHFFFAOYSA-N,186.0162,0.82,BZQFBWGGLXLEPQ-UHFFFAOYSA-N
 N-ACETYLPHENYLALANINE_CBQJSKKFNMDLON-JTQLQIEISA-N,208.0968,5.18,CBQJSKKFNMDLON-JTQLQIEISA-N
 Methyl cinnamate_CCRCUPLGCSFEDV-FPLPWBNLSA-N,163.0754,7.95,CCRCUPLGCSFEDV-FPLPWBNLSA-N
 ortho-Hydroxyphenylacetic acid_CCVYRRGZDBSHFU-UHFFFAOYSA-N,153.0546,4.39,CCVYRRGZDBSHFU-UHFFFAOYSA-N
 MYOINOSITOL_CDAISMWEOUEBRE-UHFFFAOYSA-N,203.0526,0.81,CDAISMWEOUEBRE-UHFFFAOYSA-N
 2-AMINOPHENOL_CDAWCLOXVUBKRW-UHFFFAOYSA-N,110.06,1.62,CDAWCLOXVUBKRW-UHFFFAOYSA-N
" 3,3',4'5-Tetrahydroxystilbene_CDRPUGZCRXZLFL-OWOJBTEDSA-N",245.0808,4.81,CDRPUGZCRXZLFL-OWOJBTEDSA-N
 ASPARTATE_CKLJMWTZIZZHCS-REOHCLBHSA-N,134.0448,0.81,CKLJMWTZIZZHCS-REOHCLBHSA-N
 DEOXYCYTIDINE_CKTSBUTUHBMZGZ-SHYZEUOFSA-N,228.0979,1.76,CKTSBUTUHBMZGZ-SHYZEUOFSA-N
 Proline betaine_CMUNUTVVOOHQPW-LURJTMIESA-N,144.1019,0.82,CMUNUTVVOOHQPW-LURJTMIESA-N
 Proline Beta_CMUNUTVVOOHQPW-LURJTMIESA-N,166.0838,0.8,CMUNUTVVOOHQPW-LURJTMIESA-N
 PETROSELINATE_CNVZJPUDSLNTQU-SEYXRHQNSA-N,283.2632,8.45,CNVZJPUDSLNTQU-SEYXRHQNSA-N
 Syringic acid_COC1=CC(=CC(OC)=C1O)C(O)=O,199.0601,3.98,COC1=CC(=CC(OC)=C1O)C(O)=O
 PHENYLALANINE_COLNVLDHVKWLRT-QMMMGPOBSA-N,166.0863,3.65,COLNVLDHVKWLRT-QMMMGPOBSA-N
 CARNOSINE_CQOVPNPJLQNMDC-ZETCQYMHSA-N,227.1139,0.76,CQOVPNPJLQNMDC-ZETCQYMHSA-N
 Camphene_CRPUJAZIXJMDBK-UHFFFAOYSA-N,137.1325,7.49,CRPUJAZIXJMDBK-UHFFFAOYSA-N
 CREATINE_CVSVTCORWBXHQV-UHFFFAOYSA-N,154.0587,0.9,CVSVTCORWBXHQV-UHFFFAOYSA-N
 SEBACATE_CXMXRPHRNRROMY-UHFFFAOYSA-N,225.1097,6.03,CXMXRPHRNRROMY-UHFFFAOYSA-N
 L-Octanoylcarnitine_CXTATJFJDMJMIY-CYBMUJFWSA-N,288.2169,5.76,CXTATJFJDMJMIY-CYBMUJFWSA-N
 SUCROSE_CZMRCDWAGMRECN-UGDNZRGBSA-N,365.1054,1.01,CZMRCDWAGMRECN-UGDNZRGBSA-N
 L-Theanine_DATAGRPVKZEWHA-YFKPBYRVSA-N,175.1077,0.89,DATAGRPVKZEWHA-YFKPBYRVSA-N
 L-Theanine_DATAGRPVKZEWHA-YFKPBYRVSA-N,175.1077,0.9,DATAGRPVKZEWHA-YFKPBYRVSA-N
 NICOTINAMIDE MONONUCLEOTIDE_DAYLJWODMCOQEW-TURQNECASA-N,335.0639,0.96,DAYLJWODMCOQEW-TURQNECASA-N
 GLYCEROL-MYRISTATE_DCBSHORRWZKAKO-UHFFFAOYSA-N,303.253,8.67,DCBSHORRWZKAKO-UHFFFAOYSA-N
 XANTHOSINE-MONOPHOSPHATE_DCTLYFZHFGENCW-UUOKFMHZSA-N,365.0493,1.85,DCTLYFZHFGENCW-UUOKFMHZSA-N
 ASPARAGINE_DCXYFEDJOCDNAF-REOHCLBHSA-N,155.0427,0.79,DCXYFEDJOCDNAF-REOHCLBHSA-N
 Myricitrin_DCYOADKBABEMIQ-UHFFFAOYSA-N,465.1028,4.4,DCYOADKBABEMIQ-UHFFFAOYSA-N
 NICOTINAMIDE_DFPAKSUCGFBDDF-UHFFFAOYSA-N,123.0553,1.53,DFPAKSUCGFBDDF-UHFFFAOYSA-N
 Niacinamide_DFPAKSUCGFBDDF-UHFFFAOYSA-N,123.0553,0.93,DFPAKSUCGFBDDF-UHFFFAOYSA-N
 Naringin_DFPMSGMNTNDNHN-ZPHOTFPESA-N,581.1865,4.68,DFPMSGMNTNDNHN-ZPHOTFPESA-N
 NICOTINAMIDE HYPOXANTHINE DINUCLEOTIDE_DGVSIBCCYUVRNA-UHFFFAOYSA-N,333.0538,2.13,DGVSIBCCYUVRNA-UHFFFAOYSA-N
 BETA-GLYCEROPHOSPHATE_DHCLVCXQIBBOPH-UHFFFAOYSA-N,173.021,0.85,DHCLVCXQIBBOPH-UHFFFAOYSA-N
 beta-Glycerophosphoric acid_DHCLVCXQIBBOPH-UHFFFAOYSA-N,173.021,0.82,DHCLVCXQIBBOPH-UHFFFAOYSA-N
 PREGNENOLONE SULFATE_DIJBBUIOWGGQOP-OZIWPBGVSA-N,397.2043,7.26,DIJBBUIOWGGQOP-OZIWPBGVSA-N
 6-HYDROXYDOPAMINE_DIVDFFZHCJEHGG-UHFFFAOYSA-N,170.0812,1.23,DIVDFFZHCJEHGG-UHFFFAOYSA-N
 3-METHOXYTYRAMINE_DIVQKHQLANKJQO-UHFFFAOYSA-N,168.1019,3.47,DIVQKHQLANKJQO-UHFFFAOYSA-N
 URIDINE MONOPHOSPHATE_DJJCXFVJDGTHFX-XVFCMESISA-N,325.0431,1.15,DJJCXFVJDGTHFX-XVFCMESISA-N
 MELIBIOSE_DLRVVLDZNNYCBX-ABXHMFFYSA-N,365.1054,1.01,DLRVVLDZNNYCBX-ABXHMFFYSA-N
 Isomaltose_DLRVVLDZNNYCBX-BTLHAWITSA-N,365.1054,0.78,DLRVVLDZNNYCBX-BTLHAWITSA-N
 MELATONIN_DRLFMBDRBRZALE-UHFFFAOYSA-N,233.1285,5.57,DRLFMBDRBRZALE-UHFFFAOYSA-N
 Melatonin_DRLFMBDRBRZALE-UHFFFAOYSA-N,233.1285,5.04,DRLFMBDRBRZALE-UHFFFAOYSA-N
 URIDINE_DRTQHJPVMGBUCF-XVFCMESISA-N,267.0588,2.45,DRTQHJPVMGBUCF-XVFCMESISA-N
 GALACTARATE_DSLZVSRJTYRBFB-DUHBMQHGSA-N,233.0268,0.84,DSLZVSRJTYRBFB-DUHBMQHGSA-N
 SACCHARATE_DSLZVSRJTYRBFB-LLEIAEIESA-N,233.0268,0.86,DSLZVSRJTYRBFB-LLEIAEIESA-N
 Quercetin 3-O-glucuronide_DUBCCGAQYVUYEU-ZUGPOPFOSA-N,479.082,4.41,DUBCCGAQYVUYEU-ZUGPOPFOSA-N
 5-HYDROXYINDOLEACETATE_DUUGKQCEGZLZNO-UHFFFAOYSA-N,192.0655,3.73,DUUGKQCEGZLZNO-UHFFFAOYSA-N
 Enterodiol_DWONJCNDULPHLV-HOTGVXAUSA-N,325.141,5.46,DWONJCNDULPHLV-HOTGVXAUSA-N
 Ribothymidine_DWRXFEITVBNRMK-JXOAFFINSA-N,281.0744,1.26,DWRXFEITVBNRMK-JXOAFFINSA-N
 Ribothymidine_DWRXFEITVBNRMK-JXOAFFINSA-N,281.0744,1.24,DWRXFEITVBNRMK-JXOAFFINSA-N
 Isoliquiritigenin_DXDRHHKMWQZJHT-FPYGCLRLSA-N,257.0808,6.47,DXDRHHKMWQZJHT-FPYGCLRLSA-N
" 1,11-Undecanedicarboxylate_DXNCZXXFRKPEPY-UHFFFAOYSA-N",245.1747,7.11,DXNCZXXFRKPEPY-UHFFFAOYSA-N
 Nutriacholic acid_DXOCDBGWDZAYRQ-QPVZPPSOSA-N,391.2843,7.25,DXOCDBGWDZAYRQ-QPVZPPSOSA-N
 TYRAMINE_DZGWFCGJZKJUFP-UHFFFAOYSA-N,138.0913,4.25,DZGWFCGJZKJUFP-UHFFFAOYSA-N
 N-ACETYLTRYPTOPHAN_DZTHIGRZJZPRDV-LBPRGKRZSA-N,247.1077,5.31,DZTHIGRZJZPRDV-LBPRGKRZSA-N
 Phenylglyoxylic acid_FAQJJMHZNSSFSM-UHFFFAOYSA-N,151.039,5.53,FAQJJMHZNSSFSM-UHFFFAOYSA-N
 Acteoside_FBSKJMQYURKNSU-QPJJXVBHSA-N,647.1946,4.38,FBSKJMQYURKNSU-QPJJXVBHSA-N
 3-NITRO-L-TYROSINE_FBTSQILOGYXGMD-UHFFFAOYSA-N,227.0662,3.8,FBTSQILOGYXGMD-UHFFFAOYSA-N
 XANTHURENATE_FBZONXHGGPHHIY-UHFFFAOYSA-N,206.0448,3.98,FBZONXHGGPHHIY-UHFFFAOYSA-N
 Rhein_FCDLCPWAQCPTKC-UHFFFAOYSA-N,285.0394,7.07,FCDLCPWAQCPTKC-UHFFFAOYSA-N
 CYANOCOBALAMIN_FDJOLVPMNUYSCM-QJRSUKKJSA-L,678.291,4.1,FDJOLVPMNUYSCM-QJRSUKKJSA-L
 Canthaxanthin_FDSDTBUPSURDBL-DKLMTRRASA-N,565.404,11.33,FDSDTBUPSURDBL-DKLMTRRASA-N
 MESO-TARTRATE_FEWJPZIEWOKRBE-UHFFFAOYSA-N,173.0057,0.86,FEWJPZIEWOKRBE-UHFFFAOYSA-N
 METHIONINE_FFEARJCKVFRZRR-BYPYZUCNSA-N,150.0583,1.53,FFEARJCKVFRZRR-BYPYZUCNSA-N
 4-HYDROXYBENZOATE_FJKROLUGYXJWQN-UHFFFAOYSA-N,139.039,4.37,FJKROLUGYXJWQN-UHFFFAOYSA-N
 Canavanine_FSBIGDSBMBYOPN-VKHMYHEASA-N,177.0982,0.72,FSBIGDSBMBYOPN-VKHMYHEASA-N
 Naringenin_FTVWIRXFELQLPI-ZDUSSCGKSA-N,273.0757,6.43,FTVWIRXFELQLPI-ZDUSSCGKSA-N
 (???)-Naringenin_FTVWIRXFELQLPI-ZDUSSCGKSA-N,273.0757,6.09,FTVWIRXFELQLPI-ZDUSSCGKSA-N
 LAUROYLCARNITINE_FUJLYHJROOYKRA-QGZVFWFLSA-N,344.2795,7.24,FUJLYHJROOYKRA-QGZVFWFLSA-N
 2-AMINOISOBUTYRATE_FUOOLUPWFVMBKG-UHFFFAOYSA-N,104.0706,0.89,FUOOLUPWFVMBKG-UHFFFAOYSA-N
 3-HYDROXYPHENYLACETATE_FVMDYYGIDFPZAX-UHFFFAOYSA-N,153.0546,3.54,FVMDYYGIDFPZAX-UHFFFAOYSA-N
 Flavin mononucleotide_FVTCRASFADXXNN-SCRDCRAPSA-N,457.1119,3.73,FVTCRASFADXXNN-SCRDCRAPSA-N
 Maltotriose_FYGDTMLNYKFZSV-DZOUCCHMSA-N,527.1583,0.78,FYGDTMLNYKFZSV-DZOUCCHMSA-N
 6-Oxopiperidine-2-carboxylic acid_FZXCPFJMYOQZCA-UHFFFAOYSA-N,144.0655,1.34,FZXCPFJMYOQZCA-UHFFFAOYSA-N
 6-Oxopiperidine-2-carboxylic acid_FZXCPFJMYOQZCA-UHFFFAOYSA-N,144.0655,1.03,FZXCPFJMYOQZCA-UHFFFAOYSA-N
 S-CARBOXYMETHYLCYSTEINE_GBFLZEXEOZUWRN-UHFFFAOYSA-N,180.0325,0.94,GBFLZEXEOZUWRN-UHFFFAOYSA-N
 S-Carboxymethyl-L-cysteine_GBFLZEXEOZUWRN-UHFFFAOYSA-N,180.0325,0.8,GBFLZEXEOZUWRN-UHFFFAOYSA-N
 1-METHYLADENOSINE_GFYLSDSUCHVORB-IOSLPCCCSA-N,282.1197,3.52,GFYLSDSUCHVORB-IOSLPCCCSA-N
 delta-Decalactone_GHBSPIPJMLAMEP-UHFFFAOYSA-N,171.138,7.1,GHBSPIPJMLAMEP-UHFFFAOYSA-N
 Chenodeoxycholic acid glycine conjugate_GHCZAUBVMUEKKP-GYPHWSFCSA-N,472.3033,7,GHCZAUBVMUEKKP-GYPHWSFCSA-N
 CHENODEOXYCHOLATE_GHCZAUBVMUEKKP-GYPHWSFCSA-N,393.2999,10.81,GHCZAUBVMUEKKP-GYPHWSFCSA-N
 PANTOTHENATE_GHOKWGTUZJEAQD-UHFFFAOYSA-N,220.1179,3.72,GHOKWGTUZJEAQD-UHFFFAOYSA-N
 QUINOLINATE_GJAWHXHKYYXBSV-UHFFFAOYSA-N,168.0291,1.61,GJAWHXHKYYXBSV-UHFFFAOYSA-N
 Agnuside_GLACGTLACKLUJX-UHFFFAOYSA-N,489.1367,4.2,GLACGTLACKLUJX-UHFFFAOYSA-N
 DIAMINOPIMELATE_GMKMEZVLHJARHF-WHFBIAKZSA-N,191.1026,0.77,GMKMEZVLHJARHF-WHFBIAKZSA-N
 O-SUCCINYL-HOMOSERINE_GNISQJGXJIDKDJ-UHFFFAOYSA-N,220.0816,1.68,GNISQJGXJIDKDJ-UHFFFAOYSA-N
 N-ACETYLPROLINE_GNMSLDIYJOSUSW-LURJTMIESA-N,158.0812,3.79,GNMSLDIYJOSUSW-LURJTMIESA-N
 alpha-Mangostin_GNRIZKKCNOBBMO-UHFFFAOYSA-N,411.1802,8.32,GNRIZKKCNOBBMO-UHFFFAOYSA-N
 Indole-3-propionic acid_GOLXRNDWAUTYKT-UHFFFAOYSA-N,190.0863,6.22,GOLXRNDWAUTYKT-UHFFFAOYSA-N
 INOSINE-MONOPHOSPHATE_GRSZFWQUAKGDAV-KQYNXXCUSA-N,349.0544,1.64,GRSZFWQUAKGDAV-KQYNXXCUSA-N
 Scoparone_GUAFOGOEJLSQBT-UHFFFAOYSA-N,207.0652,5.32,GUAFOGOEJLSQBT-UHFFFAOYSA-N
 MALTOSE_GUBGYTABKSRVRQ-DKBJLJRDSA-N,365.1054,0.88,GUBGYTABKSRVRQ-DKBJLJRDSA-N
 LACTOSE_GUBGYTABKSRVRQ-XLOQQCSPSA-N,365.1054,0.86,GUBGYTABKSRVRQ-XLOQQCSPSA-N
 N1-ACETYLSPERMINE_GUNURVWAJRRUAV-UHFFFAOYSA-N,245.2336,0.67,GUNURVWAJRRUAV-UHFFFAOYSA-N
 Cryptochlorogenic acid_GYFFKZTYYAFCTR-AVXJPILUSA-N,377.0843,3.67,GYFFKZTYYAFCTR-AVXJPILUSA-N
 THYMIDINE-MONOPHOSPHATE_GYOZYWVXFNDGLU-XLPZGREQSA-N,323.0639,2.71,GYOZYWVXFNDGLU-XLPZGREQSA-N
 KYNURENATE_HCZHHEIFKROPDY-UHFFFAOYSA-N,190.0499,4.16,HCZHHEIFKROPDY-UHFFFAOYSA-N
 TREHALOSE_HDTRYLNUVZCQOY-LIZSDCNHSA-N,365.1054,0.89,HDTRYLNUVZCQOY-LIZSDCNHSA-N
 ARABITOL_HEBKCHPVOIAQTA-IMJSIDKUSA-N,175.0577,0.84,HEBKCHPVOIAQTA-IMJSIDKUSA-N
 RIBITOL_HEBKCHPVOIAQTA-NGQZWQHPSA-N,175.0577,0.86,HEBKCHPVOIAQTA-NGQZWQHPSA-N
 XYLITOL_HEBKCHPVOIAQTA-NGQZWQHPSA-N,175.0577,0.86,HEBKCHPVOIAQTA-NGQZWQHPSA-N
 3-DEHYDROSHIKIMATE_HFMGXSXAGHUXTI-RXMQYKEDSA-N,195.0264,1.35,HFMGXSXAGHUXTI-RXMQYKEDSA-N
 MONOETHYLMALONATE_HGINADPHJQTSKN-UHFFFAOYSA-N,133.0495,0.85,HGINADPHJQTSKN-UHFFFAOYSA-N
 Puerarin_HKEAFJYKMMKDOR-VPRICQMDSA-N,417.118,3.78,HKEAFJYKMMKDOR-VPRICQMDSA-N
 Formononetin_HKQYGTCOTHHOMP-UHFFFAOYSA-N,269.0808,6.63,HKQYGTCOTHHOMP-UHFFFAOYSA-N
 RIBOSE_HMFHBZSHGGEWLO-SOOFDHNKSA-N,173.042,0.86,HMFHBZSHGGEWLO-SOOFDHNKSA-N
" 3,7-Dimethyluric acid_HMLZLHKHNBLLJD-UHFFFAOYSA-N",197.0669,1.28,HMLZLHKHNBLLJD-UHFFFAOYSA-N
 HISTIDINE_HNDVDQJCIGZPNO-YFKPBYRVSA-N,156.0768,0.75,HNDVDQJCIGZPNO-YFKPBYRVSA-N
 N-METHYLASPARTATE_HOKKHZGPKSLGJE-GSVOUGTGSA-N,148.0604,0.82,HOKKHZGPKSLGJE-GSVOUGTGSA-N
 METHYL GALACTOSIDE_HOVAGTYPODGVJG-UHFFFAOYSA-N,217.0683,1,HOVAGTYPODGVJG-UHFFFAOYSA-N
 Monotropein_HPWWQPXTUDMRBI-UHFFFAOYSA-N,413.1054,1.01,HPWWQPXTUDMRBI-UHFFFAOYSA-N
 ETHYL 3-INDOLEACETATE_HUDBDWIQSIGUDI-UHFFFAOYSA-N,204.1019,7.2,HUDBDWIQSIGUDI-UHFFFAOYSA-N
 Enterolactone_HVDGDHBAMCBBLR-PBHICJAKSA-N,299.1278,6.68,HVDGDHBAMCBBLR-PBHICJAKSA-N
 4-PYRIDOXATE_HXACOUQIXZGNBF-UHFFFAOYSA-N,184.0604,3.4,HXACOUQIXZGNBF-UHFFFAOYSA-N
 PIPECOLATE_HXEACLLIILLPRG-YFKPBYRVSA-N,152.0682,1.33,HXEACLLIILLPRG-YFKPBYRVSA-N
 N-ACETYLASPARAGINE_HXFOXFJUNFFYMO-BYPYZUCNSA-N,175.0713,1.04,HXFOXFJUNFFYMO-BYPYZUCNSA-N
 Narirutin_HXTFHSYLYXVTHC-UHFFFAOYSA-N,581.1865,4.59,HXTFHSYLYXVTHC-UHFFFAOYSA-N
 Palmitoylethanolamide_HXYVTAGFYLMHSO-UHFFFAOYSA-N,300.2897,8.84,HXYVTAGFYLMHSO-UHFFFAOYSA-N
 N6-(DELTA2-ISOPENTENYL)-ADENINE_HYVABZIGRDEKCD-UHFFFAOYSA-N,204.1244,4.63,HYVABZIGRDEKCD-UHFFFAOYSA-N
 3-HYDROXYBENZALDEHYDE_IAVREABSGIHHMO-UHFFFAOYSA-N,123.0441,5.15,IAVREABSGIHHMO-UHFFFAOYSA-N
" 3,4-Dihydroxybenzaldehyde_IBGBGRVKPALMCQ-UHFFFAOYSA-N",139.039,3.49,IBGBGRVKPALMCQ-UHFFFAOYSA-N
 SALSOLINOL_IBRKLUSXDYATLG-LURJTMIESA-N,180.1019,2.56,IBRKLUSXDYATLG-LURJTMIESA-N
 (R)-Salsolinol_IBRKLUSXDYATLG-UHFFFAOYSA-N,180.1019,0.95,IBRKLUSXDYATLG-UHFFFAOYSA-N
 CYTIDINE MONOPHOSPHATE_IERHLVCPSMICTF-XVFCMESISA-N,324.0591,0.94,IERHLVCPSMICTF-XVFCMESISA-N
 Isovalerylcarnitine_IGQBPDJNUXPEMT-UHFFFAOYSA-N,246.17,4.41,IGQBPDJNUXPEMT-UHFFFAOYSA-N
 4-O-alpha-D-Galactopyranuronosyl-D-galacturonic acid_IGSYEZFZPOZFNC-UHFFFAOYSA-N,393.064,0.79,IGSYEZFZPOZFNC-UHFFFAOYSA-N
" 5,7-dihydroxy-2-(4-hydroxyphenyl)-6-methoxy-4H-chromen-4-one_IHFBPDAQLQOCBX-UHFFFAOYSA-N",301.0707,6.08,IHFBPDAQLQOCBX-UHFFFAOYSA-N
 Rutin_IKGXIBQEEMLURG-UHFFFAOYSA-N,611.1607,4.25,IKGXIBQEEMLURG-UHFFFAOYSA-N
 Baicalin_IKIIZLYTISPENI-UNJWAJPSSA-N,447.0922,5.17,IKIIZLYTISPENI-UNJWAJPSSA-N
 Myricetin_IKMDFBPHZNJCSN-UHFFFAOYSA-N,319.0448,5.01,IKMDFBPHZNJCSN-UHFFFAOYSA-N
 3-Oxindole-3-acetate_ILGMGHZPXRDCCS-UHFFFAOYSA-N,192.0655,4.29,ILGMGHZPXRDCCS-UHFFFAOYSA-N
 CYSTATHIONINE_ILRYLPWNYFXEMH-WHFBIAKZSA-N,223.0747,0.79,ILRYLPWNYFXEMH-WHFBIAKZSA-N
 Sanguinarine_INVGWHRKADIJHF-UHFFFAOYSA-N,332.0917,5.28,INVGWHRKADIJHF-UHFFFAOYSA-N
 Phloridzin_IOUVKUPGCMBWBT-QNDFHXLGSA-N,459.1262,4.99,IOUVKUPGCMBWBT-QNDFHXLGSA-N
 Theaflavin_IPMYMEWFZKHGAX-ZKSIBHASSA-N,565.1341,5.18,IPMYMEWFZKHGAX-ZKSIBHASSA-N
 4-Acetamidophenylglucuronide_IPROLSVTVHAQLE-BYNIDDHOSA-N,328.1027,1.32,IPROLSVTVHAQLE-BYNIDDHOSA-N
 THYMIDINE_IQFYYKKMVGJFEH-XLPZGREQSA-N,265.0795,3.59,IQFYYKKMVGJFEH-XLPZGREQSA-N
 Luteolin_IQPNAANSBPBGFQ-UHFFFAOYSA-N,287.055,4.3,IQPNAANSBPBGFQ-UHFFFAOYSA-N
 CYCLIC AMP_IVOMOUWHDPKRLL-KQYNXXCUSA-N,330.0598,3.35,IVOMOUWHDPKRLL-KQYNXXCUSA-N
 Cucurbitacin B_IXQKXEUSCPEQRD-OUKQBFOZSA-N,581.3085,7.07,IXQKXEUSCPEQRD-OUKQBFOZSA-N
 5-Keto-D-gluconate_IZSRJDGCGRAUAR-UHFFFAOYSA-N,217.0319,0.82,IZSRJDGCGRAUAR-UHFFFAOYSA-N
 5-Methoxysalicylic acid_IZZIWIAOVZOBLF-UHFFFAOYSA-N,169.0495,5.46,IZZIWIAOVZOBLF-UHFFFAOYSA-N
 1'-Acetoxychavicol acetate_JAMQIUWGGBSIKZ-UHFFFAOYSA-N,235.0965,6.12,JAMQIUWGGBSIKZ-UHFFFAOYSA-N
 OPHTHALMATE_JCMUOFQHZLPHQP-BQBZGAKWSA-N,290.1347,2.03,JCMUOFQHZLPHQP-BQBZGAKWSA-N
 Phenylacetylglutamine_JFLIEFSWGNOPJJ-JTQLQIEISA-N,265.1183,3.9,JFLIEFSWGNOPJJ-JTQLQIEISA-N
 Phenylacetylglutamine_JFLIEFSWGNOPJJ-JTQLQIEISA-N,265.1183,3.89,JFLIEFSWGNOPJJ-JTQLQIEISA-N
 DEOXYCARNITINE_JHPNVNIEXXLNTR-UHFFFAOYSA-N,146.1176,0.9,JHPNVNIEXXLNTR-UHFFFAOYSA-N
 N-ACETYLSERINE_JJIHLJJYMXLCOY-BYPYZUCNSA-N,148.0604,1.08,JJIHLJJYMXLCOY-BYPYZUCNSA-N
 5-Aminopentanoic acid_JJMDCOVWQOJGCB-UHFFFAOYSA-N,118.0863,0.8,JJMDCOVWQOJGCB-UHFFFAOYSA-N
 2-Methyl-2-pentenoic acid_JJYWRQLLQAKNAD-PLNGDYQASA-N,137.0573,6.3,JJYWRQLLQAKNAD-PLNGDYQASA-N
 (S)-Abscisic acid_JLIDBLDQVAYHNE-IBPUIESWSA-N,287.1254,5.56,JLIDBLDQVAYHNE-IBPUIESWSA-N
 L-TRYPTOPHANAMIDE_JLSKPBDKNIXMBS-UHFFFAOYSA-N,204.1131,3.9,JLSKPBDKNIXMBS-UHFFFAOYSA-N
 Isoxanthohumol B_JMHUVLCRYBTWKZ-RMKNXTFCSA-N,371.1489,5.6,JMHUVLCRYBTWKZ-RMKNXTFCSA-N
 Syringic acid_JMSVCTWVEWCHDZ-UHFFFAOYSA-N,199.0601,3.96,JMSVCTWVEWCHDZ-UHFFFAOYSA-N
 Threonic acid_JPIJQSOTBSSVTP-UHFFFAOYSA-N,159.0264,0.8,JPIJQSOTBSSVTP-UHFFFAOYSA-N
 N2-Acetylornithine_JRLGPAXAGHMNOL-LURJTMIESA-N,175.1077,0.76,JRLGPAXAGHMNOL-LURJTMIESA-N
 DEOXYURIDINE-MONOPHOSPHATE_JSRLJPSBLDHEIO-SHYZEUOFSA-N,331.0302,1.7,JSRLJPSBLDHEIO-SHYZEUOFSA-N
 3-Indolebutyric acid_JTEDVYBZBROSJT-UHFFFAOYSA-N,204.1019,6.25,JTEDVYBZBROSJT-UHFFFAOYSA-N
 5-Methoxytryptamine_JTEJPPKMYBDEMY-UHFFFAOYSA-N,191.1179,3.74,JTEJPPKMYBDEMY-UHFFFAOYSA-N
 Rotenone_JUVIOZPCNVVQFO-HBGVWJBISA-N,395.1489,7.55,JUVIOZPCNVVQFO-HBGVWJBISA-N
 SHIKIMATE_JXOHGGNKMLTUBP-HSUXUTPPSA-N,197.042,1.09,JXOHGGNKMLTUBP-HSUXUTPPSA-N
" 1,3-Dihydro-(2H)-indol-2-one_JYGFTBXVXVMTGB-UHFFFAOYSA-N",134.06,5.06,JYGFTBXVXVMTGB-UHFFFAOYSA-N
 CORTISOL_JYGXADMDTFJGBT-CZFMHFDVSA-N,363.2166,6.06,JYGXADMDTFJGBT-CZFMHFDVSA-N
 MEVALOLACTONE_JYVXNLLUYHCIIH-LURJTMIESA-N,131.0703,3.33,JYVXNLLUYHCIIH-LURJTMIESA-N
 THIAMINE_JZRWCGZRTZMZEH-UHFFFAOYSA-N,265.1118,0.84,JZRWCGZRTZMZEH-UHFFFAOYSA-N
 Limonin_KBDSLGBFQAGHBE-UHFFFAOYSA-N,471.2013,6.87,KBDSLGBFQAGHBE-UHFFFAOYSA-N
 LYSINE_KDXKERNSBIXSRK-YFKPBYRVSA-N,147.1128,0.71,KDXKERNSBIXSRK-YFKPBYRVSA-N
 (-)-Bornyl acetate_KGEKLUUHTZCSIP-GTFYECCDSA-N,197.1536,7.7,KGEKLUUHTZCSIP-GTFYECCDSA-N
 DEOXYADENOSINE MONOPHOSPHATE_KHWCHTKSEGGWEX-RRKCRQDMSA-N,332.0754,2.07,KHWCHTKSEGGWEX-RRKCRQDMSA-N
 TRANS-CINNAMALDEHYDE_KJPRLNWUNMBNBZ-QPJJXVBHSA-N,133.0648,3.73,KJPRLNWUNMBNBZ-QPJJXVBHSA-N
 MEVALONATE_KJTLQQUUPVSXIM-UHFFFAOYSA-N,171.0628,2.75,KJTLQQUUPVSXIM-UHFFFAOYSA-N
 3-(4-HYDROXYPHENYL)PYRUVATE_KKADPXVIOXHVKN-UHFFFAOYSA-N,91.0284,11.99,KKADPXVIOXHVKN-UHFFFAOYSA-N
 4-Hydroxyphenylpyruvic acid_KKADPXVIOXHVKN-UHFFFAOYSA-N,91.0284,11.99,KKADPXVIOXHVKN-UHFFFAOYSA-N
 m-Coumaric acid_KKSDGJDHHZEWEP-SNAWJCMRSA-N,165.0546,4.77,KKSDGJDHHZEWEP-SNAWJCMRSA-N
 Cassiastearoptene_KKVZAVRSVHUSPL-GQCTYLIASA-N,163.0754,7.96,KKVZAVRSVHUSPL-GQCTYLIASA-N
" 2',4'-Dihydroxyacetophenone_KLAKIAVEMQMVBT-UHFFFAOYSA-N",153.0546,5.2,KLAKIAVEMQMVBT-UHFFFAOYSA-N
 N-ACETYLPUTRESCINE_KLZGKIDSEJWEDW-UHFFFAOYSA-N,131.1179,0.94,KLZGKIDSEJWEDW-UHFFFAOYSA-N
 Cosmosiin_KMOUJOKENFFTPU-QNDFHXLGSA-N,433.1129,4.75,KMOUJOKENFFTPU-QNDFHXLGSA-N
" ADENOSINE 2',3'-CYCLIC PHOSPHATE_KMYWVDDIPVNLME-UHFFFAOYSA-N",330.0598,2.8,KMYWVDDIPVNLME-UHFFFAOYSA-N
 Nomilin_KPDOJFFZKAUIOE-UHFFFAOYSA-N,515.2276,7.05,KPDOJFFZKAUIOE-UHFFFAOYSA-N
 Celastrol_KQJSQWZMSAGSHN-JJWQIEBTSA-N,451.2843,8.6,KQJSQWZMSAGSHN-JJWQIEBTSA-N
" 1,2,3-Propanetricarboxylic acid_KQTIIICEAUMSDG-UHFFFAOYSA-N",199.0213,1.15,KQTIIICEAUMSDG-UHFFFAOYSA-N
 FERULATE_KSEBMYQBYZTDHS-HWKANZROSA-N,195.0652,5.17,KSEBMYQBYZTDHS-HWKANZROSA-N
 INDOLE-3-METHYL ACETATE_KTHADMDGDNYQRX-UHFFFAOYSA-N,190.0863,6.91,KTHADMDGDNYQRX-UHFFFAOYSA-N
 Methyl 3-indolyacetate_KTHADMDGDNYQRX-UHFFFAOYSA-N,190.0863,6.57,KTHADMDGDNYQRX-UHFFFAOYSA-N
 N-ACETYLALANINE_KTHDTJVBEPMMGL-VKHMYHEASA-N,132.0655,2.4,KTHDTJVBEPMMGL-VKHMYHEASA-N
 Adipostatin A_KVVSCMOUFCNCGX-UHFFFAOYSA-N,321.2788,9.82,KVVSCMOUFCNCGX-UHFFFAOYSA-N
 BETAINE_KWIUHFFTVRNATP-UHFFFAOYSA-N,118.0863,0.84,KWIUHFFTVRNATP-UHFFFAOYSA-N
 Acetophenone_KWOLFJPFCHCOCG-UHFFFAOYSA-N,121.0648,4.2,KWOLFJPFCHCOCG-UHFFFAOYSA-N
 Solasodine_KWVISVAMQJWJSZ-UHFFFAOYSA-N,414.3367,6.4,KWVISVAMQJWJSZ-UHFFFAOYSA-N
 DEOXYCHOLATE_KXGVEGMKQFWNSR-LLQZFEROSA-N,415.2819,7.69,KXGVEGMKQFWNSR-LLQZFEROSA-N
 Daidzin_KYQZWONCHDNPDP-QNDFHXLGSA-N,417.118,4.08,KYQZWONCHDNPDP-QNDFHXLGSA-N
 Apigenin_KZNIFHPLKGYRTM-UHFFFAOYSA-N,271.0601,6.02,KZNIFHPLKGYRTM-UHFFFAOYSA-N
 VALINE_KZSNJWFQEVHDMF-BYPYZUCNSA-N,118.0863,1.17,KZSNJWFQEVHDMF-BYPYZUCNSA-N
 (R)-Glabridin_LBQIJVLKGVZRIW-UHFFFAOYSA-N,325.1434,7.48,LBQIJVLKGVZRIW-UHFFFAOYSA-N
 5-HYDROXYTRYPTOPHAN_LDCYZAJDBXYCGN-VIFPVBQESA-N,221.0921,3.46,LDCYZAJDBXYCGN-VIFPVBQESA-N
 1-METHYLNICOTINAMIDE_LDHMAVIPBRSVRG-UHFFFAOYSA-O,137.0709,0.82,LDHMAVIPBRSVRG-UHFFFAOYSA-O
 CYSTINE_LEVWYRKDKASIDU-IMJSIDKUSA-N,241.0311,0.79,LEVWYRKDKASIDU-IMJSIDKUSA-N
 GUAIACOL_LHGVFZTZFXWLCP-UHFFFAOYSA-N,125.0597,4.98,LHGVFZTZFXWLCP-UHFFFAOYSA-N
 4-HYDROXY-L-PHENYLGLYCINE_LJCWONGJFPCTTL-UHFFFAOYSA-N,168.0655,0.86,LJCWONGJFPCTTL-UHFFFAOYSA-N
 N-Acetyl-beta-alanine_LJLLAWRMBZNPMO-UHFFFAOYSA-N,132.0655,1.03,LJLLAWRMBZNPMO-UHFFFAOYSA-N
 Cyclohexaneacetic acid_LJOODBDWMQKMFB-UHFFFAOYSA-N,143.1067,6.81,LJOODBDWMQKMFB-UHFFFAOYSA-N
 SORBOSE_LKDRXBCSQODPBY-BGPJRJDNSA-N,203.0526,0.81,LKDRXBCSQODPBY-BGPJRJDNSA-N
 Gallic acid_LNTHITQWFMADLM-UHFFFAOYSA-N,171.0288,1.34,LNTHITQWFMADLM-UHFFFAOYSA-N
 2-QUINOLINECARBOXYLATE_LOAUVZALPPNFOQ-UHFFFAOYSA-N,174.055,4.24,LOAUVZALPPNFOQ-UHFFFAOYSA-N
 UROCANATE_LOIYMIARKYCTBW-OWOJBTEDSA-N,139.0502,1.39,LOIYMIARKYCTBW-OWOJBTEDSA-N
 Quinine_LOUPRKONTZGTKE-WZBLMQSHSA-N,163.0992,4.41,LOUPRKONTZGTKE-WZBLMQSHSA-N
 Quinine_LOUPRKONTZGTKE-WZBLMQSHSA-N,163.0992,3.88,LOUPRKONTZGTKE-WZBLMQSHSA-N
 Glycyrrhizin_LPLVUJXQOOQHMX-UHFFFAOYSA-N,823.4111,6.4,LPLVUJXQOOQHMX-UHFFFAOYSA-N
 Isobutyryl-L-carnitine_LRCNOZRCYBNMEP-SECBINFHSA-N,232.1543,3.84,LRCNOZRCYBNMEP-SECBINFHSA-N
 NORLEUCINE_LRQKBLKVPFOOQJ-YFKPBYRVSA-N,132.1019,2.79,LRQKBLKVPFOOQJ-YFKPBYRVSA-N
 (-)-Epicatechin gallate_LSHVYAFMTMFKBA-TZIWHRDSSA-N,443.0973,4.47,LSHVYAFMTMFKBA-TZIWHRDSSA-N
 4-hydroxy-3-methylbenzoic acid_LTFHNKUKQYVHDX-UHFFFAOYSA-N,153.0546,4.47,LTFHNKUKQYVHDX-UHFFFAOYSA-N
 DEOXYGUANOSINE-MONOPHOSPHATE_LTFMZDNNPPEQNG-KVQBGUIXSA-N,348.0704,1.47,LTFMZDNNPPEQNG-KVQBGUIXSA-N
 DEOXYGUANOSINE-MONOPHOSPHATE_LTFMZDNNPPEQNG-KVQBGUIXSA-N,348.0704,2.6,LTFMZDNNPPEQNG-KVQBGUIXSA-N
 Maltotetraose_LUEWUZLMQUOBSB-AYQJAVFRSA-N,689.2111,0.76,LUEWUZLMQUOBSB-AYQJAVFRSA-N
 Resveratrol_LUKBXSAWLPMMSZ-OWOJBTEDSA-N,229.0859,5.3,LUKBXSAWLPMMSZ-OWOJBTEDSA-N
 Undecanedioic acid_LWBHHRRTOZQPDM-UHFFFAOYSA-N,239.1254,5.3,LWBHHRRTOZQPDM-UHFFFAOYSA-N
 Boldine_LZJRNLRASBVRRX-UHFFFAOYSA-N,328.1543,3.93,LZJRNLRASBVRRX-UHFFFAOYSA-N
 Decanoylcarnitine_LZOSYCMHQXPBFU-UHFFFAOYSA-N,316.2482,6.92,LZOSYCMHQXPBFU-UHFFFAOYSA-N
 (-)-Matairesinol_MATGKVZWFZHCLI-LSDHHAIUSA-N,359.1489,6.12,MATGKVZWFZHCLI-LSDHHAIUSA-N
 INDOLE-3-ETHANOL_MBBOMCVGYCRMEA-UHFFFAOYSA-N,162.0913,5.81,MBBOMCVGYCRMEA-UHFFFAOYSA-N
" 2,6-Dimethoxybenzoic acid_MBIZFBDREVRUHY-UHFFFAOYSA-N",183.0652,4.71,MBIZFBDREVRUHY-UHFFFAOYSA-N
 Diosmetin_MBNGWHIJMBWFHU-UHFFFAOYSA-N,301.0707,6.05,MBNGWHIJMBWFHU-UHFFFAOYSA-N
 S-ADENOSYLMETHIONINE_MEFKEPWMEQBLKI-AIRLBKTGSA-N,399.1445,0.79,MEFKEPWMEQBLKI-AIRLBKTGSA-N
 CORTISONE_MFYSYFVPBJMHGN-ZPOLXVRWSA-N,361.201,6.12,MFYSYFVPBJMHGN-ZPOLXVRWSA-N
 Thymol_MGSRCZKZVOBKFT-UHFFFAOYSA-N,151.1117,5.72,MGSRCZKZVOBKFT-UHFFFAOYSA-N
 Phenylalanylalanine_MIDZLCFIAINOQN-WPRPVWTQSA-N,237.1234,2.17,MIDZLCFIAINOQN-WPRPVWTQSA-N
 3-Hydroxycoumarin_MJKVTPMWOKAVMS-UHFFFAOYSA-N,82.0231,11.99,MJKVTPMWOKAVMS-UHFFFAOYSA-N
 Menadione_MJVAVZPDRWSRRC-UHFFFAOYSA-N,173.0597,6.91,MJVAVZPDRWSRRC-UHFFFAOYSA-N
 DIDECANOYL-GLYCEROPHOSPHOCHOLINE_MLKLDGSYMHFAOC-UHFFFAOYSA-N,566.3816,8.51,MLKLDGSYMHFAOC-UHFFFAOYSA-N
 N-Acetylmuramate_MNLRQHMNZILYPY-MKFCKLDKSA-N,316.1003,1.01,MNLRQHMNZILYPY-MKFCKLDKSA-N
 Bilobalide_MOLPUWBMSBJXER-NRSGSQFTSA-N,327.1074,4.91,MOLPUWBMSBJXER-NRSGSQFTSA-N
 Terpinolene_MOYAFQVGZZPNRA-UHFFFAOYSA-N,137.1325,8.18,MOYAFQVGZZPNRA-UHFFFAOYSA-N
" 1,5-Anhydrosorbitol_MPCAJMNYNOGXPB-SLPGGIOYSA-N",187.0577,0.82,MPCAJMNYNOGXPB-SLPGGIOYSA-N
" 1,5-Anhydrosorbitol_MPCAJMNYNOGXPB-SLPGGIOYSA-N",187.0577,0.8,MPCAJMNYNOGXPB-SLPGGIOYSA-N
 Glycyrrhetinic acid_MPDGHEJMBKOTSU-WFJWTYAKSA-N,471.3469,8.08,MPDGHEJMBKOTSU-WFJWTYAKSA-N
 N1-Acetylspermidine_MQTAVJHICJWXBR-UHFFFAOYSA-N,188.1757,0.63,MQTAVJHICJWXBR-UHFFFAOYSA-N
 Astaxanthin_MQZIGYBFDRPAKN-UWFIBFSHSA-N,597.3938,9.3,MQZIGYBFDRPAKN-UWFIBFSHSA-N
 3-AMINO-4-HYDROXYBENZOATE_MRBKRZAPGUCWOS-UHFFFAOYSA-N,154.0499,1.37,MRBKRZAPGUCWOS-UHFFFAOYSA-N
 Nobiletin_MRIAQLRQZPPODS-UHFFFAOYSA-N,403.1387,6.99,MRIAQLRQZPPODS-UHFFFAOYSA-N
 Muramic acid_MSFSPUZXLOGKHJ-LEISLEKSSA-N,252.1078,0.82,MSFSPUZXLOGKHJ-LEISLEKSSA-N
 GALACTOSAMINE_MSWZFWKMSRAUBD-GASJEMHNSA-N,202.0686,0.73,MSWZFWKMSRAUBD-GASJEMHNSA-N
 D-MANNOSAMINE_MSWZFWKMSRAUBD-UHFFFAOYSA-N,202.0686,0.75,MSWZFWKMSRAUBD-UHFFFAOYSA-N
 GLUCOSAMINE 6-SULFATE_MTDHILKWIRSIHB-QZABAPFNSA-N,260.0435,0.79,MTDHILKWIRSIHB-QZABAPFNSA-N
 Betonicine_MUNWAHDYFVYIKH-RITPCOANSA-N,160.0968,0.8,MUNWAHDYFVYIKH-RITPCOANSA-N
 RAFFINOSE_MUPFEKGTMRGPLJ-BQCSWRFHSA-N,527.1583,0.94,MUPFEKGTMRGPLJ-BQCSWRFHSA-N
 N-ACETYLSEROTONIN_MVAWJSIDNICKHF-UHFFFAOYSA-N,219.1128,4.4,MVAWJSIDNICKHF-UHFFFAOYSA-N
 DEOXYURIDINE_MXHRCPNRJAMMIM-SHYZEUOFSA-N,251.0638,3.27,MXHRCPNRJAMMIM-SHYZEUOFSA-N
" N,N,N-TRIMETHYLLYSINE_MXNRLFUSFKVQSK-QMMMGPOBSA-N",189.1598,0.73,MXNRLFUSFKVQSK-QMMMGPOBSA-N
 Piperine_MXXWOMGUGJBKIW-YPCIICBESA-N,286.1438,7.22,MXXWOMGUGJBKIW-YPCIICBESA-N
 Piperine_MXXWOMGUGJBKIW-YPCIICBESA-N,286.1438,7.22,MXXWOMGUGJBKIW-YPCIICBESA-N
 Nornicotine_MYKUKUCHPMASKF-UHFFFAOYSA-N,149.1073,0.78,MYKUKUCHPMASKF-UHFFFAOYSA-N
 ANSERINE_MYYIAHXIVFADCU-QMMMGPOBSA-N,241.1295,0.75,MYYIAHXIVFADCU-QMMMGPOBSA-N
 Dihydrothymine_NBAKTGXDIBVZOO-UHFFFAOYSA-N,129.0659,1.24,NBAKTGXDIBVZOO-UHFFFAOYSA-N
 GLUCOSE 6-PHOSPHATE_NBSCHQHZLSJFNQ-GASJEMHNSA-N,283.0189,0.83,NBSCHQHZLSJFNQ-GASJEMHNSA-N
 MANNOSE 6-PHOSPHATE_NBSCHQHZLSJFNQ-RWOPYEJCSA-N,283.0189,0.82,NBSCHQHZLSJFNQ-RWOPYEJCSA-N
 N-METHYLTRYPTAMINE_NCIKQJBVUNUXLW-UHFFFAOYSA-N,175.123,4.45,NCIKQJBVUNUXLW-UHFFFAOYSA-N
 DEOXYCYTIDINE MONOPHOSPHATE_NCMVOABPESMRCP-SHYZEUOFSA-N,308.0642,1.37,NCMVOABPESMRCP-SHYZEUOFSA-N
 4-Hydroxycinnamic acid_NGSWKAQJJWESNS-ZZXKWVIFSA-N,165.0546,5.01,NGSWKAQJJWESNS-ZZXKWVIFSA-N
 4-Hydroxycinnamic acid_NGSWKAQJJWESNS-ZZXKWVIFSA-N,165.0546,7.31,NGSWKAQJJWESNS-ZZXKWVIFSA-N
 4-COUMARATE_NGSWKAQJJWESNS-ZZXKWVIFSA-N,165.0546,4.99,NGSWKAQJJWESNS-ZZXKWVIFSA-N
 PYRIDOXAL-PHOSPHATE_NGVDGCNFYWLIFO-UHFFFAOYSA-N,248.0319,1.7,NGVDGCNFYWLIFO-UHFFFAOYSA-N
 PYRIDOXAMINE_NHZMQXZHNVQTQA-UHFFFAOYSA-N,169.0972,0.79,NHZMQXZHNVQTQA-UHFFFAOYSA-N
 Gingerol_NLDDIKRKFXEWBK-UHFFFAOYSA-N,295.1904,7.42,NLDDIKRKFXEWBK-UHFFFAOYSA-N
" 1,7-Dimethyluric acid_NOFNCLGCUJJPKU-UHFFFAOYSA-N",197.0669,2.41,NOFNCLGCUJJPKU-UHFFFAOYSA-N
 AICAR_NOTGFIUVDGNKRI-UUOKFMHZSA-N,339.07,1.28,NOTGFIUVDGNKRI-UUOKFMHZSA-N
 3-Hydroxy-3-methylglutarate_NPOAOTPXWNWTSH-UHFFFAOYSA-N,185.042,1.21,NPOAOTPXWNWTSH-UHFFFAOYSA-N
 3-HYDROXYMETHYLGLUTARATE_NPOAOTPXWNWTSH-UHFFFAOYSA-N,185.042,3.19,NPOAOTPXWNWTSH-UHFFFAOYSA-N
 Arctigenin_NQWVSMVXKMHKTF-JKSUJKDBSA-N,373.1646,6.63,NQWVSMVXKMHKTF-JKSUJKDBSA-N
 N-Formylphenylalanine_NSTPXGARCQOSAU-VIFPVBQESA-N,194.0812,4.75,NSTPXGARCQOSAU-VIFPVBQESA-N
 L-Targinine (FREE BASE)_NTNWOCRCBQPEKQ-YFKPBYRVSA-N,189.1346,0.72,NTNWOCRCBQPEKQ-YFKPBYRVSA-N
 GLUTARYLCARNITINE_NXJAXUYOQLTISD-VIFPVBQESA-N,276.1442,3.41,NXJAXUYOQLTISD-VIFPVBQESA-N
 GUANOSINE_NYHBQMYGNKIUIF-UUOKFMHZSA-N,284.0989,3.37,NYHBQMYGNKIUIF-UUOKFMHZSA-N
" 3,5-DIIODO-L-TYROSINE_NYPYHUZRZVSYKL-ZETCQYMHSA-N",433.8745,4.59,NYPYHUZRZVSYKL-ZETCQYMHSA-N
 3-(Dimethylaminomethyl)indole_OCDGBSUVYYVKQZ-UHFFFAOYSA-N,175.123,5.62,OCDGBSUVYYVKQZ-UHFFFAOYSA-N
 ISOCITRATE_ODBLHEXUDAPZAU-UHFFFAOYSA-N,215.0162,1.17,ODBLHEXUDAPZAU-UHFFFAOYSA-N
 OXOPROLINE_ODHCTXKNWHHXJC-UHFFFAOYSA-N,130.0499,2,ODHCTXKNWHHXJC-UHFFFAOYSA-N
 PYROGLUTAMATE_ODHCTXKNWHHXJC-VKHMYHEASA-N,130.0499,1.85,ODHCTXKNWHHXJC-VKHMYHEASA-N
 ARGININE_ODKSFYDXXFIFQN-BYPYZUCNSA-N,175.119,0.77,ODKSFYDXXFIFQN-BYPYZUCNSA-N
 7-Methylguanosine_OGHAROSJZRTIOK-KQYNXXCUSA-O,298.1146,0.84,OGHAROSJZRTIOK-KQYNXXCUSA-O
 D-GLUCURONOLACTONE_OGLCQHRZUSEXNB-WHDMSYDLSA-N,199.0213,0.92,OGLCQHRZUSEXNB-WHDMSYDLSA-N
" D-Glucurono-6,3-lactone_OGLCQHRZUSEXNB-WHDMSYDLSA-N",199.0213,0.84,OGLCQHRZUSEXNB-WHDMSYDLSA-N
 alpha-Phellandrene_OGLDWXZKYODSOB-UHFFFAOYSA-N,137.1325,8.07,OGLDWXZKYODSOB-UHFFFAOYSA-N
 ACETYLCHOLINE_OIPILFWXSMYKGL-UHFFFAOYSA-N,146.1176,0.96,OIPILFWXSMYKGL-UHFFFAOYSA-N
 ADENOSINE_OIRDTQYFTABQOQ-KQYNXXCUSA-N,268.104,3.28,OIRDTQYFTABQOQ-KQYNXXCUSA-N
 DIHYDROURACIL_OIVLITBTBDPEFK-UHFFFAOYSA-N,115.0502,1.37,OIVLITBTBDPEFK-UHFFFAOYSA-N
 N-ACETYLGLYCINE_OKJIRPAQVSHGFK-UHFFFAOYSA-N,118.0499,1.27,OKJIRPAQVSHGFK-UHFFFAOYSA-N
 3-HYDROXYBENZYL ALCOHOL_OKVJCVWFVRATSG-UHFFFAOYSA-N,125.0597,4.97,OKVJCVWFVRATSG-UHFFFAOYSA-N
 Imperatorin_OLOOJGVNMBJLLR-UHFFFAOYSA-N,271.0965,7.46,OLOOJGVNMBJLLR-UHFFFAOYSA-N
 DEOXYADENOSINE_OLXZPDWKRNYJJZ-RRKCRQDMSA-N,252.1091,3.31,OLXZPDWKRNYJJZ-RRKCRQDMSA-N
 CORTICOSTERONE_OMFXVFTZEKFJBZ-HJTSIMOOSA-N,347.2217,6.67,OMFXVFTZEKFJBZ-HJTSIMOOSA-N
 PROLINE_ONIBWKKTOPOVIA-BYPYZUCNSA-N,116.0706,0.92,ONIBWKKTOPOVIA-BYPYZUCNSA-N
 PYRIDOXINE_ONIBWKKTOPOVIA-BYPYZUCNSA-N,170.0812,2.09,ONIBWKKTOPOVIA-BYPYZUCNSA-N
 Salicyluric acid_ONJSZLXSECQROL-UHFFFAOYSA-N,196.0604,4.56,ONJSZLXSECQROL-UHFFFAOYSA-N
 Cinnamyl alcohol_OOCCDEMITAIZTP-UHFFFAOYSA-N,135.0804,7.39,OOCCDEMITAIZTP-UHFFFAOYSA-N
 N-Acetylaspartylglutamic acid_OPVPGKGADVGKTG-BQBZGAKWSA-N,327.0799,7.75,OPVPGKGADVGKTG-BQBZGAKWSA-N
 Umbelliferone_ORHBXUUXSCNDEV-UHFFFAOYSA-N,163.039,4.61,ORHBXUUXSCNDEV-UHFFFAOYSA-N
 N-ACETYLASPARTATE_OTCCIMWXFLJLIA-BYPYZUCNSA-N,176.0553,1.41,OTCCIMWXFLJLIA-BYPYZUCNSA-N
 Stearoylethanolamide_OTGQIQQTPXJQRG-UHFFFAOYSA-N,350.303,8.38,OTGQIQQTPXJQRG-UHFFFAOYSA-N
 Stearoylethanolamide_OTGQIQQTPXJQRG-UHFFFAOYSA-N,328.321,9.74,OTGQIQQTPXJQRG-UHFFFAOYSA-N
 SPHINGANINE_OTKJDMGTUTTYMP-ZWKOTPCHSA-N,302.3054,7.36,OTKJDMGTUTTYMP-ZWKOTPCHSA-N
 TYROSINE_OUYCCCASQSFEME-QMMMGPOBSA-N,182.0812,2.44,OUYCCCASQSFEME-QMMMGPOBSA-N
 FOLATE_OVBPIULPVIDEAO-LBPRGKRZSA-N,442.147,4.02,OVBPIULPVIDEAO-LBPRGKRZSA-N
 N-ACETYLGALACTOSAMINE_OVRNDRQMDRJTHS-JAJWTYFOSA-N,244.0792,0.89,OVRNDRQMDRJTHS-JAJWTYFOSA-N
 N-ACETYLMANNOSAMINE_OVRNDRQMDRJTHS-OZRXBMAMSA-N,244.0792,0.92,OVRNDRQMDRJTHS-OZRXBMAMSA-N
 Quercetin 3-galactoside_OVSQVDMCBVZWGM-DTGCRPNFSA-N,465.1028,4.41,OVSQVDMCBVZWGM-DTGCRPNFSA-N
 Quercitrin_OXGUCUVFOIWWQJ-HQBVPOQASA-N,449.1078,4.68,OXGUCUVFOIWWQJ-HQBVPOQASA-N
 AMINOADIPATE_OYIFNHCXNCRBQI-UHFFFAOYSA-N,162.0761,0.94,OYIFNHCXNCRBQI-UHFFFAOYSA-N
 Sinapic acid_PCMORTLOPMLEFB-ONEGZZNKSA-N,225.0757,4.56,PCMORTLOPMLEFB-ONEGZZNKSA-N
 Sumiki's acid_PCSKKIUURRTAEM-UHFFFAOYSA-N,143.0339,1.79,PCSKKIUURRTAEM-UHFFFAOYSA-N
 DEOXYRIBOSE_PDWIQYODPROSQH-WISUUJSJSA-N,157.0471,0.94,PDWIQYODPROSQH-WISUUJSJSA-N
 GLYCEROL_PEDCQBHIVMGVHV-UHFFFAOYSA-N,115.0366,0.88,PEDCQBHIVMGVHV-UHFFFAOYSA-N
 Luteolin-7-glucoside_PEFNSGRTCBGNAN-QNDFHXLGSA-N,449.1078,4.44,PEFNSGRTCBGNAN-QNDFHXLGSA-N
 3-METHOXYTYROSINE_PFDUUKDQEHURQC-UHFFFAOYSA-N,212.0917,3.43,PFDUUKDQEHURQC-UHFFFAOYSA-N
 SPERMINE_PFNFFQXMRSDOHW-UHFFFAOYSA-N,203.223,0.61,PFNFFQXMRSDOHW-UHFFFAOYSA-N
 MENAQUINONE_PFRQBZFETXBLTP-RCIYGOBDSA-N,445.3101,10.79,PFRQBZFETXBLTP-RCIYGOBDSA-N
 (+)-Catechin_PFTAWBLQPZVEMU-DZGCQCFKSA-N,291.0863,3.6,PFTAWBLQPZVEMU-DZGCQCFKSA-N
 (-)-Catechin_PFTAWBLQPZVEMU-HIFRSBDPSA-N,291.0863,3.64,PFTAWBLQPZVEMU-HIFRSBDPSA-N
 (-)-Epicatechin_PFTAWBLQPZVEMU-UKRRQHHQSA-N,291.0863,3.95,PFTAWBLQPZVEMU-UKRRQHHQSA-N
 7-Methylxanthine_PFWLFWPASULGAN-UHFFFAOYSA-N,167.0564,1.2,PFWLFWPASULGAN-UHFFFAOYSA-N
 L-CARNITINE_PHIQHXFUZVPYII-ZCFIWIBFSA-N,162.1125,0.83,PHIQHXFUZVPYII-ZCFIWIBFSA-N
 GLUCONOLACTONE_PHOQVHQSTUBQQK-SQOUGZDYSA-N,179.055,0.85,PHOQVHQSTUBQQK-SQOUGZDYSA-N
 Casticin_PJQLSMYMOKWUJG-UHFFFAOYSA-N,375.1074,6.98,PJQLSMYMOKWUJG-UHFFFAOYSA-N
 Indoleacrylic acid_PLVPPLCLBIEYEA-AATRIKPKSA-N,188.0706,5.59,PLVPPLCLBIEYEA-AATRIKPKSA-N
 TRANS-4-HYDROXY-L-PROLINE_PMMYEEVYMWASQN-DMTCNVIQSA-N,132.0655,0.81,PMMYEEVYMWASQN-DMTCNVIQSA-N
 CIS-4-HYDROXY-D-PROLINE_PMMYEEVYMWASQN-QWWZWVQMSA-N,132.0655,0.8,PMMYEEVYMWASQN-QWWZWVQMSA-N
 5-Acetylamino-6-amino-3-methyluracil_POQOTWQIYYNXAT-UHFFFAOYSA-N,199.0826,0.82,POQOTWQIYYNXAT-UHFFFAOYSA-N
 Tetradecanoylcarnitine_PSHXNVGSVNEJBD-LJQANCHMSA-N,372.3108,7.44,PSHXNVGSVNEJBD-LJQANCHMSA-N
 NICOTINATE_PVNIIMVLHYAWGP-UHFFFAOYSA-N,124.0393,1.42,PVNIIMVLHYAWGP-UHFFFAOYSA-N
 PALATINOSE_PVXPPJIGRGXGCY-UHFFFAOYSA-N,365.1054,0.88,PVXPPJIGRGXGCY-UHFFFAOYSA-N
 N-ACETYLCYSTEINE_PWKSKIMOESPYIA-BYPYZUCNSA-N,164.0376,4,PWKSKIMOESPYIA-BYPYZUCNSA-N
 OROTATE_PXQPEWDEAKTCGB-UHFFFAOYSA-N,157.0244,1.19,PXQPEWDEAKTCGB-UHFFFAOYSA-N
 ARABINOSE_PYMYPHUHKUWMLA-WDCZJNDASA-N,173.042,0.86,PYMYPHUHKUWMLA-WDCZJNDASA-N
 N-FORMYL-L-METHIONINE_PYUSHNKNPOHWEZ-YFKPBYRVSA-N,178.0532,4.06,PYUSHNKNPOHWEZ-YFKPBYRVSA-N
 CAFFEATE_QAIPRVGONGVQAS-RQOWECAXSA-N,181.0495,4.55,QAIPRVGONGVQAS-RQOWECAXSA-N
 (-)-Gossypol_QBKSWRVVCFFDOT-UHFFFAOYSA-N,519.2013,8.49,QBKSWRVVCFFDOT-UHFFFAOYSA-N
 LITHOCHOLYLTAURINE_QBYUNVOYXHFVKC-GBURMNQMSA-N,506.2911,7.53,QBYUNVOYXHFVKC-GBURMNQMSA-N
 Pilocarpine_QCHFTSOMWOSFHM-WPRPVWTQSA-N,209.1285,1.84,QCHFTSOMWOSFHM-WPRPVWTQSA-N
 Propylparaben_QELSKZZBTMNZEB-UHFFFAOYSA-N,181.0859,6.78,QELSKZZBTMNZEB-UHFFFAOYSA-N
 p-Octopamine_QHGUCRYDKWKLMG-QMMMGPOBSA-N,154.0863,0.82,QHGUCRYDKWKLMG-QMMMGPOBSA-N
 HIPPURATE_QIAFMBKCNZACKA-UHFFFAOYSA-N,180.0655,4.57,QIAFMBKCNZACKA-UHFFFAOYSA-N
 HYDROQUINONE_QIGBRXMKCJKVMJ-UHFFFAOYSA-N,111.0441,5.16,QIGBRXMKCJKVMJ-UHFFFAOYSA-N
 TRYPTOPHAN_QIVBCDIJIAJPQS-SECBINFHSA-N,205.0972,4.08,QIVBCDIJIAJPQS-SECBINFHSA-N
 3-AMINO-5-HYDROXYBENZOATE_QPEJHSFTZVMSJH-UHFFFAOYSA-N,154.0499,1.49,QPEJHSFTZVMSJH-UHFFFAOYSA-N
 Hexadecanedioic acid_QQHJDPROMQRDLA-UHFFFAOYSA-N,287.2217,7.66,QQHJDPROMQRDLA-UHFFFAOYSA-N
 (2-AMINOETHYL)PHOSPHONATE_QQVDJLLNRSOCEL-UHFFFAOYSA-N,126.0315,0.79,QQVDJLLNRSOCEL-UHFFFAOYSA-N
 Curcumol_QRMPRVXWPCLVNI-UHFFFAOYSA-N,237.1849,7.93,QRMPRVXWPCLVNI-UHFFFAOYSA-N
 PARAXANTHINE_QUNWUDVFRNGTCO-UHFFFAOYSA-N,181.072,3.95,QUNWUDVFRNGTCO-UHFFFAOYSA-N
 Hesperidine_QUQPHWDTPGMPEX-UNZJSITISA-N,611.197,4.77,QUQPHWDTPGMPEX-UNZJSITISA-N
 o-Cresol_QWVGKYWNOKOFNN-UHFFFAOYSA-N,109.0648,4.56,QWVGKYWNOKOFNN-UHFFFAOYSA-N
 Butyrylcarnitine_QWYFHHGCZUCMBN-SECBINFHSA-N,232.1543,3.91,QWYFHHGCZUCMBN-SECBINFHSA-N
 Ribonic acid_QXKAIJAYHKCRRA-BXXZVTAOSA-N,189.037,0.8,QXKAIJAYHKCRRA-BXXZVTAOSA-N
 SEROTONIN_QZAYGJVTTNCVMB-UHFFFAOYSA-N,177.1022,3.44,QZAYGJVTTNCVMB-UHFFFAOYSA-N
 PYRIDOXAL_RADKZDMFGJYCBB-UHFFFAOYSA-N,168.0655,0.92,RADKZDMFGJYCBB-UHFFFAOYSA-N
 BILIVERDIN_RCNSAJSGRJSBKK-YKSNQIBWSA-N,583.2551,7,RCNSAJSGRJSBKK-YKSNQIBWSA-N
 2-Aminoheptanoate_RDFMDVXONNIGBC-LURJTMIESA-N,146.1176,2.81,RDFMDVXONNIGBC-LURJTMIESA-N
 O-ACETYLCARNITINE_RDHQFKQIGNGIED-UHFFFAOYSA-N,204.123,1.48,RDHQFKQIGNGIED-UHFFFAOYSA-N
 5-Acetylamino-6-formylamino-3-methyluracil_RDZNZFGKEVDNPK-UHFFFAOYSA-N,227.0775,1.11,RDZNZFGKEVDNPK-UHFFFAOYSA-N
 Harmaline_RERZNCLIYCABFS-UHFFFAOYSA-N,215.1179,4.51,RERZNCLIYCABFS-UHFFFAOYSA-N
 GLYCOCHOLATE_RFDAIACWWDREDC-FRVQLJSFSA-N,466.3163,6.68,RFDAIACWWDREDC-FRVQLJSFSA-N
 N-ACETYLGLUTAMATE_RFMMMVDNIPUKGG-UHFFFAOYSA-N,190.071,2.2,RFMMMVDNIPUKGG-UHFFFAOYSA-N
 Oleuropein_RFWGABANNQMHMZ-WLFYAOHHSA-N,563.1735,5.05,RFWGABANNQMHMZ-WLFYAOHHSA-N
 4-HYDROXYBENZALDEHYDE_RGHHSNMVTDWUBI-UHFFFAOYSA-N,123.0441,4.88,RGHHSNMVTDWUBI-UHFFFAOYSA-N
 Galactonic acid_RGHNJXZEOKUKBD-MGCNEYSASA-N,219.0475,0.8,RGHNJXZEOKUKBD-MGCNEYSASA-N
 CITRULLINE_RHGKLRLOHDJJDR-BYPYZUCNSA-N,176.103,0.84,RHGKLRLOHDJJDR-BYPYZUCNSA-N
 Emodin_RHMXXJGYXNZAPX-UHFFFAOYSA-N,271.0601,7.52,RHMXXJGYXNZAPX-UHFFFAOYSA-N
 Selenomethionine_RJFAYQIBOAGBLC-UHFFFAOYSA-N,192.0087,1.09,RJFAYQIBOAGBLC-UHFFFAOYSA-N
 Atropine_RKUNBYITZUJHSG-PJPHBNEVSA-N,290.1751,4.14,RKUNBYITZUJHSG-PJPHBNEVSA-N
 Scopoletin_RODXRVNMMDRFIK-UHFFFAOYSA-N,215.0315,4.62,RODXRVNMMDRFIK-UHFFFAOYSA-N
 LEUCINE_ROHFNLRQFUQHCH-YFKPBYRVSA-N,132.1019,2.73,ROHFNLRQFUQHCH-YFKPBYRVSA-N
 GUANOSINE MONOPHOSPHATE_RQFCJASXJCIDSX-UUOKFMHZSA-N,364.0653,1.57,RQFCJASXJCIDSX-UUOKFMHZSA-N
 Eugenol_RRAFCDWBNXTKKO-UHFFFAOYSA-N,165.091,6.85,RRAFCDWBNXTKKO-UHFFFAOYSA-N
 INDOLE-3-PYRUVATE_RSTKLPZEZYGQPY-UHFFFAOYSA-N,102.5364,11.99,RSTKLPZEZYGQPY-UHFFFAOYSA-N
 AICA-riboside_RTRQQBHATOEIAF-UUOKFMHZSA-N,259.1037,0.96,RTRQQBHATOEIAF-UUOKFMHZSA-N
 URSODEOXYCHOLATE_RUDATBOHQWOJDD-UZVSRGJWSA-N,393.2999,10.81,RUDATBOHQWOJDD-UZVSRGJWSA-N
 CAFFEINE_RYYVLZVUVIJVGH-UHFFFAOYSA-N,195.0877,4.3,RYYVLZVUVIJVGH-UHFFFAOYSA-N
 OLEOYL-GLYCEROL_RZRNAYUHWVFMIP-UHFFFAOYSA-N,357.2999,9.52,RZRNAYUHWVFMIP-UHFFFAOYSA-N
 CITICOLINE_RZZPDXZPRHQOCG-OJAKKHQRSA-N,489.1146,0.9,RZZPDXZPRHQOCG-OJAKKHQRSA-N
 Silibinin_SEBFKMXJBCUCAI-UHFFFAOYSA-N,483.1286,5.88,SEBFKMXJBCUCAI-UHFFFAOYSA-N
 Palmitoleic acid_SECPZKHBENQXJG-FPLPWBNLSA-N,255.2319,8.15,SECPZKHBENQXJG-FPLPWBNLSA-N
 Indoleacetic acid_SEOVTRFCIGRIMH-UHFFFAOYSA-N,176.0706,5.72,SEOVTRFCIGRIMH-UHFFFAOYSA-N
 NORADRENALINE_SFLSHLFXELFNJZ-QMMMGPOBSA-N,170.0812,0.89,SFLSHLFXELFNJZ-QMMMGPOBSA-N
 RETINOATE_SHGAZHPCJJPHSC-YCNIQYBTSA-N,301.2162,9.05,SHGAZHPCJJPHSC-YCNIQYBTSA-N
 FUCOSE_SHZGCJCMOBCMKK-DHVFOXMCSA-N,187.0577,0.96,SHZGCJCMOBCMKK-DHVFOXMCSA-N
 RHAMNOSE_SHZGCJCMOBCMKK-JFNONXLTSA-N,187.0577,0.92,SHZGCJCMOBCMKK-JFNONXLTSA-N
 1-HYDROXY-2-NAPHTHOATE_SJJCQDRGABAVBB-UHFFFAOYSA-N,189.0546,7.32,SJJCQDRGABAVBB-UHFFFAOYSA-N
 1-Deoxy-D-glucitol_SKCKOFZKJLZSFA-UHFFFAOYSA-N,189.0733,0.82,SKCKOFZKJLZSFA-UHFFFAOYSA-N
 SALICYLAMIDE_SKZKKFZAGNVIMN-UHFFFAOYSA-N,138.055,5.04,SKZKKFZAGNVIMN-UHFFFAOYSA-N
 NORVALINE_SNDPXSYFESPGGJ-SCSAIBSYSA-N,140.0682,0.73,SNDPXSYFESPGGJ-SCSAIBSYSA-N
 NORVALINE_SNDPXSYFESPGGJ-SCSAIBSYSA-N,140.0682,11.96,SNDPXSYFESPGGJ-SCSAIBSYSA-N
 NICOTINE_SNICXCGAKADSCV-JTQLQIEISA-N,163.123,1.78,SNICXCGAKADSCV-JTQLQIEISA-N
 Ginkgolide B_SQOJOAFXDQDRGF-UHFFFAOYSA-N,425.1442,5.64,SQOJOAFXDQDRGF-UHFFFAOYSA-N
 N-ACETYLNEURAMINATE_SQVRNKJHWKZAKO-PFQGKNLYSA-N,310.1133,0.88,SQVRNKJHWKZAKO-PFQGKNLYSA-N
 XYLOSE_SRBFZHDQGSBBOR-IOVATXLUSA-N,173.042,0.88,SRBFZHDQGSBBOR-IOVATXLUSA-N
 ADENOSINE DIPHOSPHATE RIBOSE_SRNWOUGRCWSEMX-UHFFFAOYSA-N,560.079,0.95,SRNWOUGRCWSEMX-UHFFFAOYSA-N
 Ergothioneine_SSISHJJTAXXQAX-ZETCQYMHSA-N,230.0958,0.82,SSISHJJTAXXQAX-ZETCQYMHSA-N
 Ergothioneine_SSISHJJTAXXQAX-ZETCQYMHSA-N,230.0958,0.82,SSISHJJTAXXQAX-ZETCQYMHSA-N
 Serylalanine_SSJMZMUVNKEENT-IMJSIDKUSA-N,177.087,0.78,SSJMZMUVNKEENT-IMJSIDKUSA-N
 O-PHOSPHOETHANOLAMINE_SUHOOTKUPISOBE-UHFFFAOYSA-N,142.0264,0.79,SUHOOTKUPISOBE-UHFFFAOYSA-N
 Glycerophosphocholine_SUHOQUVVVLNYQR-MRVPVSSYSA-N,258.1101,0.78,SUHOQUVVVLNYQR-MRVPVSSYSA-N
 Glycerophosphocholine_SUHOQUVVVLNYQR-MRVPVSSYSA-N,258.1101,0.78,SUHOQUVVVLNYQR-MRVPVSSYSA-N
" 2',4'-DIHYDROXYACETOPHENONE_SULYEHHGGXARJS-UHFFFAOYSA-N",153.0546,5.75,SULYEHHGGXARJS-UHFFFAOYSA-N
 Sulforaphane_SUVMJBTUFCVSAD-UHFFFAOYSA-N,178.0355,4.72,SUVMJBTUFCVSAD-UHFFFAOYSA-N
 METHIONINE SULFOXIMINE_SXTAYKAGBXMACB-UHFFFAOYSA-N,181.0641,0.79,SXTAYKAGBXMACB-UHFFFAOYSA-N
 L-GULONOLACTONE_SXZYCXMUPBBULW-UHFFFAOYSA-N,179.055,0.84,SXZYCXMUPBBULW-UHFFFAOYSA-N
" L,L-Cyclo(leucylprolyl)_SZJNCZMRZAUNQT-IUCAKERBSA-N",211.1441,4.92,SZJNCZMRZAUNQT-IUCAKERBSA-N
 Isonicotinic acid_TWBYWOBDOCUKOW-UHFFFAOYSA-N,124.0393,0.82,TWBYWOBDOCUKOW-UHFFFAOYSA-N
 Suberic acid_TYFQFVWCELRYAO-UHFFFAOYSA-N,197.0784,4.46,TYFQFVWCELRYAO-UHFFFAOYSA-N
 SUBERATE_TYFQFVWCELRYAO-UHFFFAOYSA-N,197.0784,5.02,TYFQFVWCELRYAO-UHFFFAOYSA-N
 Genistein_TZBJGXHYKVUXJN-UHFFFAOYSA-N,271.0601,6.07,TZBJGXHYKVUXJN-UHFFFAOYSA-N
 XANTHOSINE_UBORTCNDUKBEOP-UUOKFMHZSA-N,285.083,3.45,UBORTCNDUKBEOP-UUOKFMHZSA-N
 2-HYDROXYPYRIDINE_UBQKCCHYAOITMY-UHFFFAOYSA-N,118.0263,2.91,UBQKCCHYAOITMY-UHFFFAOYSA-N
 ADENOSINE-MONOPHOSPHATE_UDMBCSSLTHHNCD-KQYNXXCUSA-N,348.0704,1.35,UDMBCSSLTHHNCD-KQYNXXCUSA-N
 Propionylcarnitine_UFAHZIUFPNSHSL-MRVPVSSYSA-N,218.1387,0.88,UFAHZIUFPNSHSL-MRVPVSSYSA-N
" 4,5-Di-O-caffeoylquinic acid_UFCLZKMFXSILNL-RVXRWRFUSA-N",517.1341,4.78,UFCLZKMFXSILNL-RVXRWRFUSA-N
 GLUCOSAMINATE_UFYKDFXCZBTLOO-UHFFFAOYSA-N,196.0816,0.79,UFYKDFXCZBTLOO-UHFFFAOYSA-N
 INOSINE_UGQMRVRMYYASKQ-KQYNXXCUSA-N,269.088,3.37,UGQMRVRMYYASKQ-KQYNXXCUSA-N
 CYTIDINE_UHDGCWIWMRVCDJ-XVFCMESISA-N,244.0928,1.41,UHDGCWIWMRVCDJ-XVFCMESISA-N
" 2,4-Dihydroxybenzoic Acid_UIAFKZKHHVMJGS-UHFFFAOYSA-N",155.0339,4,UIAFKZKHHVMJGS-UHFFFAOYSA-N
 Cotinine_UIKROCXWUNQSPJ-UHFFFAOYSA-N,177.1022,1.02,UIKROCXWUNQSPJ-UHFFFAOYSA-N
 (-)-Cotinine_UIKROCXWUNQSPJ-UHFFFAOYSA-N,177.1022,0.94,UIKROCXWUNQSPJ-UHFFFAOYSA-N
 HOMOSERINE_UKAUYVFTDYCKQA-VKHMYHEASA-N,120.0655,0.8,UKAUYVFTDYCKQA-VKHMYHEASA-N
 Carvone_ULDHMXUKGWMISQ-UHFFFAOYSA-N,151.1117,5.74,ULDHMXUKGWMISQ-UHFFFAOYSA-N
 12-Hydroxystearic acid_ULQISTXYYBZJSJ-UHFFFAOYSA-N,323.2557,8.23,ULQISTXYYBZJSJ-UHFFFAOYSA-N
 PHENYLETHANOLAMINE_ULSIYEODSMZIPX-UHFFFAOYSA-N,138.0913,6.02,ULSIYEODSMZIPX-UHFFFAOYSA-N
 Tangeretin_ULSUXBXHSYSGDT-UHFFFAOYSA-N,373.1282,7.26,ULSUXBXHSYSGDT-UHFFFAOYSA-N
 ERYTHRITOL_UNXHWFMMPAWVPI-ZXZARUISSA-N,145.0471,0.84,UNXHWFMMPAWVPI-ZXZARUISSA-N
 Hexanoylglycine_UPCKIPHSXMXJOX-UHFFFAOYSA-N,174.1125,5.18,UPCKIPHSXMXJOX-UHFFFAOYSA-N
 Dihydrogenistein_UQGVUYNHDKMLSE-UHFFFAOYSA-N,273.0757,5.95,UQGVUYNHDKMLSE-UHFFFAOYSA-N
 STACHYOSE_UQZIYBXSHAGNOE-XNSRJBNMSA-N,689.2111,0.92,UQZIYBXSHAGNOE-XNSRJBNMSA-N
 Phenylacetylglycine_UTYVDVLMYQPLQB-UHFFFAOYSA-N,194.0812,4.21,UTYVDVLMYQPLQB-UHFFFAOYSA-N
" 3,5-Dihydroxybenzoic acid_UYEMGAFJOZZIFP-UHFFFAOYSA-N",155.0339,2.21,UYEMGAFJOZZIFP-UHFFFAOYSA-N
 4-ACETAMIDOBUTANOATE_UZTFMUBKZQVKLK-UHFFFAOYSA-N,146.0812,3.27,UZTFMUBKZQVKLK-UHFFFAOYSA-N
 L-N-(1H-Indol-3-ylacetyl)aspartic acid_VAFNMNRKDDAKRM-UHFFFAOYSA-N,291.0975,4.39,VAFNMNRKDDAKRM-UHFFFAOYSA-N
 HYDROXYKYNURENINE_VCKPUUFAIGNJHC-UHFFFAOYSA-N,225.087,2.07,VCKPUUFAIGNJHC-UHFFFAOYSA-N
 N-ALPHA-ACETYLLYSINE_VEYYWZRYIYDQJM-UHFFFAOYSA-N,189.1234,0.94,VEYYWZRYIYDQJM-UHFFFAOYSA-N
 N-alpha-Acetyl-L-lysine_VEYYWZRYIYDQJM-ZETCQYMHSA-N,189.1234,0.78,VEYYWZRYIYDQJM-ZETCQYMHSA-N
 Curcumin_VFLDPWHFBUODDF-FCXRPNKRSA-N,369.1333,7.18,VFLDPWHFBUODDF-FCXRPNKRSA-N
 Phloretin_VGEREEWJJVICBM-UHFFFAOYSA-N,275.0914,6.03,VGEREEWJJVICBM-UHFFFAOYSA-N
 Trifolirhizin_VGSYCWGXBYZLLE-UHFFFAOYSA-N,447.1286,4.35,VGSYCWGXBYZLLE-UHFFFAOYSA-N
 ESTRADIOL-17ALPHA_VOXZDWNPVJITMN-SFFUCWETSA-N,273.1849,7.15,VOXZDWNPVJITMN-SFFUCWETSA-N
 DEOXYCORTICOSTERONE ACETATE_VPGRYOFKCNULNK-UHFFFAOYSA-N,373.2373,7.64,VPGRYOFKCNULNK-UHFFFAOYSA-N
 4-QUINOLINECARBOXYLATE_VQMSRUREDGBWKT-UHFFFAOYSA-N,174.055,3.01,VQMSRUREDGBWKT-UHFFFAOYSA-N
 2-DEOXY-D-GLUCOSE_VRYALKFFQXWPIH-PBXRRBTRSA-N,187.0577,0.9,VRYALKFFQXWPIH-PBXRRBTRSA-N
 GUANIDINOSUCCINATE_VVHOUVWJCQOYGG-REOHCLBHSA-N,176.0666,0.86,VVHOUVWJCQOYGG-REOHCLBHSA-N
 DOPAMINE_VYFYYTLLBUKUHU-UHFFFAOYSA-N,154.0863,1.74,VYFYYTLLBUKUHU-UHFFFAOYSA-N
 GAMMA-LINOLENATE_VZCCETWTMQHEPK-QNEBEIHSSA-N,279.2319,8.29,VZCCETWTMQHEPK-QNEBEIHSSA-N
 Calycosin 7-galactoside_WACBUPFEGWUGPB-UHFFFAOYSA-N,447.1286,4.35,WACBUPFEGWUGPB-UHFFFAOYSA-N
 1-PHENYLETHANOL_WAPNOHKVXSQRPX-UHFFFAOYSA-N,123.0804,6.53,WAPNOHKVXSQRPX-UHFFFAOYSA-N
 Taurocholic acid_WBWWGRHZICKQGZ-HZAMXZRMSA-N,516.299,5.85,WBWWGRHZICKQGZ-HZAMXZRMSA-N
 TRANS-CINNAMATE_WBYWAXJHAXSJNI-VOTSOKGWSA-N,149.0597,7.64,WBYWAXJHAXSJNI-VOTSOKGWSA-N
 CORTEXOLONE_WHBHBVVOGNECLV-OBQKJFGGSA-N,347.2217,6.74,WHBHBVVOGNECLV-OBQKJFGGSA-N
 INDOLEACETALDEHYDE_WHOOUMGHGSPMGR-UHFFFAOYSA-N,160.0757,6.3,WHOOUMGHGSPMGR-UHFFFAOYSA-N
" ADENOSINE 3',5'-DIPHOSPHATE_WHTCPDAXWFLDIH-KQYNXXCUSA-N",428.0367,1.11,WHTCPDAXWFLDIH-KQYNXXCUSA-N
 GLUTAMATE_WHUUTDBJXJRKMK-VKHMYHEASA-N,148.0604,0.82,WHUUTDBJXJRKMK-VKHMYHEASA-N
 3-HYDROXYANTHRANILATE_WJXSWCUQABXPFS-UHFFFAOYSA-N,154.0499,3.85,WJXSWCUQABXPFS-UHFFFAOYSA-N
 Vanillic acid_WKOLLVMJNQIZCI-UHFFFAOYSA-N,169.0495,3.91,WKOLLVMJNQIZCI-UHFFFAOYSA-N
" 2,6-DIHYDROXYPYRIDINE_WLFXSECCHULRRO-UHFFFAOYSA-N",112.0393,2.14,WLFXSECCHULRRO-UHFFFAOYSA-N
 6-CARBOXYHEXANOATE_WLJVNTCWHIRURA-UHFFFAOYSA-N,183.0628,4.48,WLJVNTCWHIRURA-UHFFFAOYSA-N
 (-)-Epigallocatechin-3-gallate_WMBWREPUVVBILR-WIYYLYMNSA-N,459.0922,4,WMBWREPUVVBILR-WIYYLYMNSA-N
 3-Carboxy-4-methyl-5-propyl-2-furanpropionic acid_WMCQWXZMVIETAO-UHFFFAOYSA-N,263.089,6.56,WMCQWXZMVIETAO-UHFFFAOYSA-N
 ADIPATE_WNLRTRBMVRJNCN-UHFFFAOYSA-N,169.0471,3.99,WNLRTRBMVRJNCN-UHFFFAOYSA-N
 BENZOATE_WPYMKLBDIGXBTP-UHFFFAOYSA-N,123.0441,5.74,WPYMKLBDIGXBTP-UHFFFAOYSA-N
 Diosgenin_WQLVFSAGQJTQCK-UHFFFAOYSA-N,415.3207,10.21,WQLVFSAGQJTQCK-UHFFFAOYSA-N
 Ectoine_WQXNXVUDBPYKBA-UHFFFAOYSA-N,143.0815,0.78,WQXNXVUDBPYKBA-UHFFFAOYSA-N
 ALPHA-D-GLUCOSE_WQZGKKKJIJFFOK-DVKNGEFBSA-N,203.0526,0.81,WQZGKKKJIJFFOK-DVKNGEFBSA-N
 ALLOSE_WQZGKKKJIJFFOK-HOWGCPQDSA-N,203.0526,0.81,WQZGKKKJIJFFOK-HOWGCPQDSA-N
 GALACTOSE_WQZGKKKJIJFFOK-PHYPRBDBSA-N,203.0526,0.81,WQZGKKKJIJFFOK-PHYPRBDBSA-N
 MANNOSE_WQZGKKKJIJFFOK-QTVWNMPRSA-N,203.0526,0.81,WQZGKKKJIJFFOK-QTVWNMPRSA-N
 SORBATE_WSWCOQWTEOXDQX-MQQKCMAXSA-N,113.0597,5.71,WSWCOQWTEOXDQX-MQQKCMAXSA-N
 (?)-?-Pinene_WTARULDDTDQWMU-UHFFFAOYSA-N,137.1325,8.09,WTARULDDTDQWMU-UHFFFAOYSA-N
 L-DOPA_WTDRDQBEARUVNC-LURJTMIESA-N,198.0761,1.7,WTDRDQBEARUVNC-LURJTMIESA-N
 Biochanin A_WUADCCWRTIWANL-UHFFFAOYSA-N,285.0757,7.15,WUADCCWRTIWANL-UHFFFAOYSA-N
 5'-Methylthioadenosine_WUUGFSXJNOTRMR-IOSLPCCCSA-N,298.0968,3.01,WUUGFSXJNOTRMR-IOSLPCCCSA-N
 METHYLTHIOADENOSINE_WUUGFSXJNOTRMR-IOSLPCCCSA-N,298.0968,3.9,WUUGFSXJNOTRMR-IOSLPCCCSA-N
 CDP-ETHANOLAMINE_WVIMUEUQJFPNDK-PEBGCTIMSA-N,447.0677,0.88,WVIMUEUQJFPNDK-PEBGCTIMSA-N
 Deoxycholic acid glycine conjugate_WVULKSPCQVQLCU-ZMBDPXIHSA-N,450.3214,7.24,WVULKSPCQVQLCU-ZMBDPXIHSA-N
 Trigonelline_WWNNZCOKKKDOPX-UHFFFAOYSA-N,138.055,0.78,WWNNZCOKKKDOPX-UHFFFAOYSA-N
 Sphingosine_WWUZIQQURGPMPG-KRWOKUGFSA-N,300.2897,7.39,WWUZIQQURGPMPG-KRWOKUGFSA-N
 N-ACETYLLEUCINE_WXNXCEHXYPACJF-ZETCQYMHSA-N,174.1125,4.88,WXNXCEHXYPACJF-ZETCQYMHSA-N
 Gentisic acid_WXTMDXOMEHJXQO-UHFFFAOYSA-N,155.0339,3.69,WXTMDXOMEHJXQO-UHFFFAOYSA-N
 Lithocholic acid glycine conjugate_XBSQTYHEGZTYJE-OETIFKLTSA-N,434.3265,7.62,XBSQTYHEGZTYJE-OETIFKLTSA-N
 3-Hydroxyhippuric acid_XDOFWFNMYJRHEW-UHFFFAOYSA-N,196.0604,3.03,XDOFWFNMYJRHEW-UHFFFAOYSA-N
 Angelicin_XDROKJSWHURZGO-UHFFFAOYSA-N,187.039,6.41,XDROKJSWHURZGO-UHFFFAOYSA-N
 Citramalic acid_XFTRTWQBIOMVPK-UHFFFAOYSA-N,171.0264,1.15,XFTRTWQBIOMVPK-UHFFFAOYSA-N
 CITRAMALATE_XFTRTWQBIOMVPK-UHFFFAOYSA-N,171.0264,2.34,XFTRTWQBIOMVPK-UHFFFAOYSA-N
 Citramalic acid_XFTRTWQBIOMVPK-UHFFFAOYSA-N,171.0264,1.16,XFTRTWQBIOMVPK-UHFFFAOYSA-N
 5'-DEOXYADENOSINE_XGYIMTFOTBMPFP-KQYNXXCUSA-N,252.1091,3.5,XGYIMTFOTBMPFP-KQYNXXCUSA-N
 Aesculin_XHCADAYNFIFUHF-UHFFFAOYSA-N,341.0867,3.14,XHCADAYNFIFUHF-UHFFFAOYSA-N
 gamma-Glutamylphenylalanine_XHHOHZPNYFQJKL-QWRGUYRKSA-N,295.1288,3.65,XHHOHZPNYFQJKL-QWRGUYRKSA-N
 GLUCOSAMINE 6-PHOSPHATE_XHMJOUIAFHJHBW-UKFBFLRUSA-N,260.053,0.79,XHMJOUIAFHJHBW-UKFBFLRUSA-N
 3-Phenylpropionylglycine_XHSURMJJKAFELI-UHFFFAOYSA-N,208.0968,4.87,XHSURMJJKAFELI-UHFFFAOYSA-N
 Dihydrocapsaicin_XJQPQKLURWNAAH-UHFFFAOYSA-N,308.222,7.49,XJQPQKLURWNAAH-UHFFFAOYSA-N
 N-Acetylhistamine_XJWPISBUKWZALE-UHFFFAOYSA-N,154.0975,1,XJWPISBUKWZALE-UHFFFAOYSA-N
 N-METHYLGLUTAMATE_XLBVNMSMFQMKEY-UHFFFAOYSA-N,162.0761,0.86,XLBVNMSMFQMKEY-UHFFFAOYSA-N
 Hydrocinnamic acid_XMIIGOLPHOKFCH-UHFFFAOYSA-N,151.0754,6.62,XMIIGOLPHOKFCH-UHFFFAOYSA-N
 (-)-Epigallocatechin_XMOCLSLCDHWDHP-IUODEOHRSA-N,307.0812,3.41,XMOCLSLCDHWDHP-IUODEOHRSA-N
 (+)-Gallocatechin_XMOCLSLCDHWDHP-SWLSCSKDSA-N,307.0812,2.09,XMOCLSLCDHWDHP-SWLSCSKDSA-N
 2-Ketohexanoic acid_XNIHZNNZJHYHLC-UHFFFAOYSA-N,131.0703,6.34,XNIHZNNZJHYHLC-UHFFFAOYSA-N
 THYROTROPIN RELEASING HORMONE_XNSAINXGIQZQOO-SRVKXCTJSA-N???,363.1775,3.27,XNSAINXGIQZQOO-SRVKXCTJSA-N???
 TAURINE_XOAAWQZATWQOTB-UHFFFAOYSA-N,126.0219,0.81,XOAAWQZATWQOTB-UHFFFAOYSA-N
 Hydroxycotinine_XOKCJXZZNAUIQN-IENPIDJESA-N,193.0972,0.82,XOKCJXZZNAUIQN-IENPIDJESA-N
 PALMITOYLCARNITINE_XOMRRQXKHMYMOC-OAQYLSRUSA-O,400.3421,7.71,XOMRRQXKHMYMOC-OAQYLSRUSA-O
 Maltol_XPCTZQVDEJYUGT-UHFFFAOYSA-N,127.039,0.76,XPCTZQVDEJYUGT-UHFFFAOYSA-N
 Amygdalin_XUCIJNAGGSZNQT-UHFFFAOYSA-N,480.1476,3.78,XUCIJNAGGSZNQT-UHFFFAOYSA-N
 (R)C(S)S-Alliin_XUHLIQGRKRUKPH-UHFFFAOYSA-N,178.0532,0.87,XUHLIQGRKRUKPH-UHFFFAOYSA-N
 (R)C(S)S-Alliin_XUHLIQGRKRUKPH-UHFFFAOYSA-N,178.0532,0.88,XUHLIQGRKRUKPH-UHFFFAOYSA-N
 THYROXINE_XUIIKFGFIJCVMT-LBPRGKRZSA-N,777.694,6.62,XUIIKFGFIJCVMT-LBPRGKRZSA-N
 N-ACETYLMETHIONINE_XUYPXLNMDZIRQH-UHFFFAOYSA-N,192.0689,4.21,XUYPXLNMDZIRQH-UHFFFAOYSA-N
 Sclareol_XVULBTBTFGYVRC-UHFFFAOYSA-N,331.2608,8.18,XVULBTBTFGYVRC-UHFFFAOYSA-N
 Ethyl acetoacetate_XYIBRDXRRQCHLP-UHFFFAOYSA-N,131.0703,6.35,XYIBRDXRRQCHLP-UHFFFAOYSA-N
 Cinnamoylglycine_YAADMLWHGMUGQL-VOTSOKGWSA-N,206.0812,5.02,YAADMLWHGMUGQL-VOTSOKGWSA-N
 Berberine_YBHILYKTIRIUTE-UHFFFAOYSA-N,336.123,5.44,YBHILYKTIRIUTE-UHFFFAOYSA-N
 BIOTIN_YBJHBAHKTGYVGT-ZKWXMUAHSA-N,245.0954,4.59,YBJHBAHKTGYVGT-ZKWXMUAHSA-N
 Tyrosol_YCCILVSKPBXVIP-UHFFFAOYSA-N,139.0754,7.28,YCCILVSKPBXVIP-UHFFFAOYSA-N
 5-Hydroxyhexanoic acid_YDCRNMJQROAWFT-UHFFFAOYSA-N,155.0679,2.69,YDCRNMJQROAWFT-UHFFFAOYSA-N
 Asymmetric dimethylarginine_YDGMGEXADBMOMJ-LURJTMIESA-N,203.1503,0.76,YDGMGEXADBMOMJ-LURJTMIESA-N
" N,N-DIMETHYLARGININE_YDGMGEXADBMOMJ-LURJTMIESA-N",203.1503,0.94,YDGMGEXADBMOMJ-LURJTMIESA-N
 Phenylpropionylglycine_YEIQSAXUPKPPBN-UHFFFAOYSA-N,208.0968,4.84,YEIQSAXUPKPPBN-UHFFFAOYSA-N
 KYNURENINE_YGPSJZOEDVAXAB-QMMMGPOBSA-N,209.0921,3.62,YGPSJZOEDVAXAB-QMMMGPOBSA-N
 PHOSPHORYLCHOLINE_YHHSONZFOIEMCP-UHFFFAOYSA-N,184.0733,0.79,YHHSONZFOIEMCP-UHFFFAOYSA-N
 alpha-Terpinene_YHQGMYUVUMAZJR-UHFFFAOYSA-N,137.1325,8.08,YHQGMYUVUMAZJR-UHFFFAOYSA-N
 DEOXYGUANOSINE_YKBGVTZYEHREMT-KVQBGUIXSA-N,268.104,3.29,YKBGVTZYEHREMT-KVQBGUIXSA-N
 Capsaicin_YKPUWZUDDOIDPM-SOFGYWHQSA-N,306.2064,7.3,YKPUWZUDDOIDPM-SOFGYWHQSA-N
 Methyl nicotinate_YNBADRVTZLEFNH-UHFFFAOYSA-N,138.055,0.8,YNBADRVTZLEFNH-UHFFFAOYSA-N
" 3,4-DIHYDROXYBENZOATE_YQUVCSBJEUQKSH-UHFFFAOYSA-N",155.0339,3.91,YQUVCSBJEUQKSH-UHFFFAOYSA-N
 Protocatechuic acid_YQUVCSBJEUQKSH-UHFFFAOYSA-N,155.0339,2.51,YQUVCSBJEUQKSH-UHFFFAOYSA-N
 D-synephrine_YRCWQPVGYLYSOX-VIFPVBQESA-N,168.1019,0.94,YRCWQPVGYLYSOX-VIFPVBQESA-N
 5-HYDROXYLYSINE_YSMODUONRAFBET-UHNVWZDZSA-N,163.1077,0.71,YSMODUONRAFBET-UHNVWZDZSA-N
" 3,4,5-Trimethoxycinnamic acid_YTFVRYKNXDADBI-SNAWJCMRSA-N",239.0914,5.7,YTFVRYKNXDADBI-SNAWJCMRSA-N
 Amentoflavone_YUSWMAULDXZHPY-UHFFFAOYSA-N,539.0973,6.35,YUSWMAULDXZHPY-UHFFFAOYSA-N
 Morin_YXOLAZRVSSWPPT-UHFFFAOYSA-N,303.0499,5.3,YXOLAZRVSSWPPT-UHFFFAOYSA-N
 4-METHYLCATECHOL_ZBCATMYQYDCTIZ-UHFFFAOYSA-N,125.0597,4.97,ZBCATMYQYDCTIZ-UHFFFAOYSA-N
 DIETHANOLAMINE_ZBCBWPMODOFKDW-UHFFFAOYSA-N,128.0682,0.76,ZBCBWPMODOFKDW-UHFFFAOYSA-N
 GLUTAMINE_ZDXPYRJPNDTMRX-VKHMYHEASA-N,147.0764,0.8,ZDXPYRJPNDTMRX-VKHMYHEASA-N
 S-Allylcysteine_ZFAHNWWNDFHPOH-UHFFFAOYSA-N,162.0583,1.22,ZFAHNWWNDFHPOH-UHFFFAOYSA-N
 THEOPHYLLINE_ZFXYFBGIUFBOJW-UHFFFAOYSA-N,181.072,3.96,ZFXYFBGIUFBOJW-UHFFFAOYSA-N
 5-AMINOLEVULINATE_ZGXJTSGNIOSYLO-UHFFFAOYSA-N,132.0655,0.84,ZGXJTSGNIOSYLO-UHFFFAOYSA-N
 Methylimidazoleacetic acid_ZHCKPJGJQOPTLB-UHFFFAOYSA-N,141.0659,0.8,ZHCKPJGJQOPTLB-UHFFFAOYSA-N
" 3,5-DIIODO-L-THYRONINE_ZHSOTLOTTDYIIK-UHFFFAOYSA-N",525.9007,5.64,ZHSOTLOTTDYIIK-UHFFFAOYSA-N
 Geniposidic acid_ZJDOESGVOWAULF-UHFFFAOYSA-N,397.1105,1.89,ZJDOESGVOWAULF-UHFFFAOYSA-N
 LUMICHROME_ZJTJUVIJVLLGSP-UHFFFAOYSA-N,243.0877,5.49,ZJTJUVIJVLLGSP-UHFFFAOYSA-N
 S-ADENOSYLHOMOCYSTEINE_ZJUKTBDSGOFHSH-WFMPWKQPSA-N,193.0681,3.06,ZJUKTBDSGOFHSH-WFMPWKQPSA-N
 ANILINE-2-SULFONATE_ZMCHBSMFKQYNKA-UHFFFAOYSA-N,174.0219,2.52,ZMCHBSMFKQYNKA-UHFFFAOYSA-N
 CYCLIC GMP_ZOOGRGPOEVQQDX-UUOKFMHZSA-N,346.0547,3.35,ZOOGRGPOEVQQDX-UUOKFMHZSA-N
 HISTIDINOL_ZQISRDCJNBUVMM-YFKPBYRVSA-N,142.0975,0.69,ZQISRDCJNBUVMM-YFKPBYRVSA-N
 Daidzein_ZQSIJRDFPHDXIC-UHFFFAOYSA-N,255.0652,5.89,ZQSIJRDFPHDXIC-UHFFFAOYSA-N
 Daidzein_ZQSIJRDFPHDXIC-UHFFFAOYSA-N,255.0652,5.4,ZQSIJRDFPHDXIC-UHFFFAOYSA-N
 HOMOCYSTINE_ZTVZLYBCZNMWCF-UHFFFAOYSA-N,269.0624,0.96,ZTVZLYBCZNMWCF-UHFFFAOYSA-N
 URACIL 5-CARBOXYLATE_ZXYAAVBXHKCJJB-UHFFFAOYSA-N,157.0244,1.91,ZXYAAVBXHKCJJB-UHFFFAOYSA-N
 Methyleugenol_ZYEMGPIYFIJGTP-UHFFFAOYSA-N,179.1067,6.36,ZYEMGPIYFIJGTP-UHFFFAOYSA-N
 Coumarin_ZYGHJZDHTFUPRJ-UHFFFAOYSA-N,147.0441,7.06,ZYGHJZDHTFUPRJ-UHFFFAOYSA-N
 N-Methylnicotinamide_ZYVXHFWBYUDDBM-UHFFFAOYSA-N,137.0709,1.05,ZYVXHFWBYUDDBM-UHFFFAOYSA-N
 Coumesterol_ZZIALNLLNHEQPJ-UHFFFAOYSA-N,269.0444,6.04,ZZIALNLLNHEQPJ-UHFFFAOYSA-N
LINOLEATE,281.2475,7.75, OYHQOLUKZRVURQ-HZJYTTRNSA-N
QUINATE,193.0707,0.92,AAWZDTNXLSGCEK-LNVDRNJUSA-N
Equol,243.1016,6.55,ADFCQWZHKCXPAJ-GFCCVEGCSA-N
Mangiferin,423.0922,3.75,AEDDIBAIWPIIBD-UHFFFAOYSA-N
Pecticacid,217.0319,0.78,AEMOLEFTQBMNLQ-BKBMJHBISA-N
LYXOSE,173.042,0.86,AEMOLEFTQBMNLQ-DTEWXJGMSA-N
GALACTURONATE,217.0319,0.84,AEMOLEFTQBMNLQ-UHFFFAOYSA-N
GLUCURONATE,217.0319,0.83,AEMOLEFTQBMNLQ-WAXACMCWSA-N
Aloin,419.1337,5.1,AFHJQYHRLPMKHU-UHFFFAOYSA-N
ISOLEUCINE,132.1019,2.51,AGPKZVBTJJNPAG-WHFBIAKZSA-N
L-ORNITHINE,133.0972,0.71,AHLPHDHHMVZTML-BYPYZUCNSA-N
D-ORNITHINE,133.0972,0.71,AHLPHDHHMVZTML-SCSAIBSYSA-N
Hesperetin,303.0863,6.65,AIONOLUJZLIMTK-AWEZNQCLSA-N
Hesperetin,303.0863,6.26,AIONOLUJZLIMTK-AWEZNQCLSA-N
"2,6-Dihydroxybenzoicacid",155.0339,4.48,AKEUNCKRJATALU-UHFFFAOYSA-N
DL-2-Aminooctanoicacid,160.1332,4.04,AKVBCGQVQXPRLD-UHFFFAOYSA-N
DL-2-Aminooctanoicacid,160.1332,4.05,AKVBCGQVQXPRLD-UHFFFAOYSA-N
CORTISOL21-ACETATE,405.2272,6.92,ALEXXDVDDISNDU-UHFFFAOYSA-N
p-Aminobenzoicacid,138.055,2.35,ALYNCZNDIQEVRV-UHFFFAOYSA-N
4-AMINOBENZOATE,138.055,3.77,ALYNCZNDIQEVRV-UHFFFAOYSA-N
GinkgolideC,441.1391,4.74,AMOGMTLMADGEOQ-UHFFFAOYSA-N
Lenticin,247.1441,3.64,AOHCBEAZXHZMOR-ZDUSSCGKSA-N
TRYPTAMINE,161.1073,4.34,APJYDQYYACXCRM-UHFFFAOYSA-N
Hesperetin7-neohesperidoside,611.197,4.83,ARGKVCXINMKCAZ-UHFFFAOYSA-N
SPERMIDINE,146.1652,0.63,ATHGHQPFGPMSJY-UHFFFAOYSA-N
RIBOFLAVIN,377.1456,4.4,AUNGANRZJHBGPY-SCRDCRAPSA-N
DETHIOBIOTIN,215.139,4.85,AUTOLBMXDDTRRT-JGVFFNPUSA-N
LIOTHYRONINE,651.7973,6.21,AUYYCJSJGJYCDS-LBPRGKRZSA-N
DESMOSTEROL,385.3465,9.25,AVSXSVCZWQODGV-DPAQBDIFSA-N
GLYCEROL3-PHOSPHATE,173.021,0.83,AWUCVROLDVIAJX-GSVOUGTGSA-N
THIAMINEPYROPHOSPHATE,425.0444,0.86,AYEKOFBPNLCAJY-UHFFFAOYSA-N
THREONINE,120.0655,0.8,AYFVYJQAPQTCCC-GBXIJSLDSA-N
ALLOTHREONINE,120.0655,0.8,AYFVYJQAPQTCCC-HRFVKAFMSA-N
L-Allothreonine,120.0655,0.76,AYFVYJQAPQTCCC-HRFVKAFMSA-N
Eriocitrin,597.1814,4.3,AZXIAVOSESIQNG-SCXABSQUSA-N
BETA-NICOTINAMIDEADENINEDINUCLEOTIDE,332.5618,2.13,BAWFJGJZGIEFAR-NNYOXOHSSA-N
3-METHYL-2-OXINDOLE,148.0757,5.75,BBZCPUCZKLTAJQ-UHFFFAOYSA-N
AZELATE,211.0941,4.77,BDJRBEYXGGNYIS-UHFFFAOYSA-N
Kojicacid,143.0339,1.15,BEJNERDRQOWKJM-UHFFFAOYSA-N
Bergapten,217.0495,6.74,BGEBZHIAGXMEMV-UHFFFAOYSA-N
11Z-Eicosenoicacid,311.2945,8.77,BITHHVVYSMSWAG-KTKRTIGZSA-N
MALATE,157.0107,1.14,BJEPYKJPYRNKOW-UWTATZPHSA-N
BIS(2-ETHYLHEXYL)PHTHALATE,413.2662,11.3,BJQHLKABXJIVAM-UHFFFAOYSA-N
Neopterin,254.0884,0.82,BMQYVXCPAOLZOK-UHFFFAOYSA-N
1-METHYL-L-HISTIDINE,170.0924,0.77,BRMWTNUJHUMWMS-LURJTMIESA-N
Aspirin,91.0284,11.99,BSYNRYMUTXBXSQ-UHFFFAOYSA-N
PHENYLPYRUVATE,165.0546,7.32,BTNMPGBKDVTSJY-UHFFFAOYSA-N
"1-Phenyl-1,2-propanedione",149.0597,7.57,BVQVLAIMHVDZEL-UHFFFAOYSA-N
5-Phenylvalericacid,179.1067,6.35,BYHDDXPKOZIZRV-UHFFFAOYSA-N
"1,3,7-Trimethyluricacid",211.0826,3.23,BYXCFUMGEBZDDI-UHFFFAOYSA-N
"1,3,7-Trimethyluricacid",211.0826,3.27,BYXCFUMGEBZDDI-UHFFFAOYSA-N
Ala-Ala-Ala,232.1292,0.84,BYXHQQCXAJARLQ-UHFFFAOYSA-N
"N,N-DIMETHYL-1,4-PHENYLENEDIAMINE",137.1073,1.89,BZORFPDSXLZWJF-UHFFFAOYSA-N
PHOSPHOSERINE,186.0162,0.84,BZQFBWGGLXLEPQ-REOHCLBHSA-N
O-PHOSPHOSERINE,186.0162,0.82,BZQFBWGGLXLEPQ-UHFFFAOYSA-N
N-ACETYLPHENYLALANINE,208.0968,5.18,CBQJSKKFNMDLON-JTQLQIEISA-N
Methylcinnamate,163.0754,7.95,CCRCUPLGCSFEDV-FPLPWBNLSA-N
ortho-Hydroxyphenylaceticacid,153.0546,4.39,CCVYRRGZDBSHFU-UHFFFAOYSA-N
MYOINOSITOL,203.0526,0.81,CDAISMWEOUEBRE-UHFFFAOYSA-N
2-AMINOPHENOL,110.06,1.62,CDAWCLOXVUBKRW-UHFFFAOYSA-N
"3,3',4'5-Tetrahydroxystilbene",245.0808,4.81,CDRPUGZCRXZLFL-OWOJBTEDSA-N
ASPARTATE,134.0448,0.81,CKLJMWTZIZZHCS-REOHCLBHSA-N
DEOXYCYTIDINE,228.0979,1.76,CKTSBUTUHBMZGZ-SHYZEUOFSA-N
Prolinebetaine,144.1019,0.82,CMUNUTVVOOHQPW-LURJTMIESA-N
ProlineBeta,166.0838,0.8,CMUNUTVVOOHQPW-LURJTMIESA-N
PETROSELINATE,283.2632,8.45,CNVZJPUDSLNTQU-SEYXRHQNSA-N
Syringicacid,199.0601,3.98,COC1=CC(=CC(OC)=C1O)C(O)=O
PHENYLALANINE,166.0863,3.65,COLNVLDHVKWLRT-QMMMGPOBSA-N
CARNOSINE,227.1139,0.76,CQOVPNPJLQNMDC-ZETCQYMHSA-N
Camphene,137.1325,7.49,CRPUJAZIXJMDBK-UHFFFAOYSA-N
CREATINE,154.0587,0.9,CVSVTCORWBXHQV-UHFFFAOYSA-N
SEBACATE,225.1097,6.03,CXMXRPHRNRROMY-UHFFFAOYSA-N
L-Octanoylcarnitine,288.2169,5.76,CXTATJFJDMJMIY-CYBMUJFWSA-N
SUCROSE,365.1054,1.01,CZMRCDWAGMRECN-UGDNZRGBSA-N
L-Theanine,175.1077,0.89,DATAGRPVKZEWHA-YFKPBYRVSA-N
L-Theanine,175.1077,0.9,DATAGRPVKZEWHA-YFKPBYRVSA-N
NICOTINAMIDEMONONUCLEOTIDE,335.0639,0.96,DAYLJWODMCOQEW-TURQNECASA-N
GLYCEROL-MYRISTATE,303.253,8.67,DCBSHORRWZKAKO-UHFFFAOYSA-N
XANTHOSINE-MONOPHOSPHATE,365.0493,1.85,DCTLYFZHFGENCW-UUOKFMHZSA-N
ASPARAGINE,155.0427,0.79,DCXYFEDJOCDNAF-REOHCLBHSA-N
Myricitrin,465.1028,4.4,DCYOADKBABEMIQ-UHFFFAOYSA-N
NICOTINAMIDE,123.0553,1.53,DFPAKSUCGFBDDF-UHFFFAOYSA-N
Niacinamide,123.0553,0.93,DFPAKSUCGFBDDF-UHFFFAOYSA-N
Naringin,581.1865,4.68,DFPMSGMNTNDNHN-ZPHOTFPESA-N
NICOTINAMIDEHYPOXANTHINEDINUCLEOTIDE,333.0538,2.13,DGVSIBCCYUVRNA-UHFFFAOYSA-N
BETA-GLYCEROPHOSPHATE,173.021,0.85,DHCLVCXQIBBOPH-UHFFFAOYSA-N
beta-Glycerophosphoricacid,173.021,0.82,DHCLVCXQIBBOPH-UHFFFAOYSA-N
PREGNENOLONESULFATE,397.2043,7.26,DIJBBUIOWGGQOP-OZIWPBGVSA-N
6-HYDROXYDOPAMINE,170.0812,1.23,DIVDFFZHCJEHGG-UHFFFAOYSA-N
3-METHOXYTYRAMINE,168.1019,3.47,DIVQKHQLANKJQO-UHFFFAOYSA-N
URIDINEMONOPHOSPHATE,325.0431,1.15,DJJCXFVJDGTHFX-XVFCMESISA-N
MELIBIOSE,365.1054,1.01,DLRVVLDZNNYCBX-ABXHMFFYSA-N
Isomaltose,365.1054,0.78,DLRVVLDZNNYCBX-BTLHAWITSA-N
MELATONIN,233.1285,5.57,DRLFMBDRBRZALE-UHFFFAOYSA-N
Melatonin,233.1285,5.04,DRLFMBDRBRZALE-UHFFFAOYSA-N
URIDINE,267.0588,2.45,DRTQHJPVMGBUCF-XVFCMESISA-N
GALACTARATE,233.0268,0.84,DSLZVSRJTYRBFB-DUHBMQHGSA-N
SACCHARATE,233.0268,0.86,DSLZVSRJTYRBFB-LLEIAEIESA-N
Quercetin3-O-glucuronide,479.082,4.41,DUBCCGAQYVUYEU-ZUGPOPFOSA-N
5-HYDROXYINDOLEACETATE,192.0655,3.73,DUUGKQCEGZLZNO-UHFFFAOYSA-N
Enterodiol,325.141,5.46,DWONJCNDULPHLV-HOTGVXAUSA-N
Ribothymidine,281.0744,1.26,DWRXFEITVBNRMK-JXOAFFINSA-N
Ribothymidine,281.0744,1.24,DWRXFEITVBNRMK-JXOAFFINSA-N
Isoliquiritigenin,257.0808,6.47,DXDRHHKMWQZJHT-FPYGCLRLSA-N
"1,11-Undecanedicarboxylate",245.1747,7.11,DXNCZXXFRKPEPY-UHFFFAOYSA-N
Nutriacholicacid,391.2843,7.25,DXOCDBGWDZAYRQ-QPVZPPSOSA-N
TYRAMINE,138.0913,4.25,DZGWFCGJZKJUFP-UHFFFAOYSA-N
N-ACETYLTRYPTOPHAN,247.1077,5.31,DZTHIGRZJZPRDV-LBPRGKRZSA-N
Phenylglyoxylicacid,151.039,5.53,FAQJJMHZNSSFSM-UHFFFAOYSA-N
Acteoside,647.1946,4.38,FBSKJMQYURKNSU-QPJJXVBHSA-N
3-NITRO-L-TYROSINE,227.0662,3.8,FBTSQILOGYXGMD-UHFFFAOYSA-N
XANTHURENATE,206.0448,3.98,FBZONXHGGPHHIY-UHFFFAOYSA-N
Rhein,285.0394,7.07,FCDLCPWAQCPTKC-UHFFFAOYSA-N
CYANOCOBALAMIN,678.291,4.1,FDJOLVPMNUYSCM-QJRSUKKJSA-L
Canthaxanthin,565.404,11.33,FDSDTBUPSURDBL-DKLMTRRASA-N
MESO-TARTRATE,173.0057,0.86,FEWJPZIEWOKRBE-UHFFFAOYSA-N
METHIONINE,150.0583,1.53,FFEARJCKVFRZRR-BYPYZUCNSA-N
4-HYDROXYBENZOATE,139.039,4.37,FJKROLUGYXJWQN-UHFFFAOYSA-N
Canavanine,177.0982,0.72,FSBIGDSBMBYOPN-VKHMYHEASA-N
Naringenin,273.0757,6.43,FTVWIRXFELQLPI-ZDUSSCGKSA-N
(???)-Naringenin,273.0757,6.09,FTVWIRXFELQLPI-ZDUSSCGKSA-N
LAUROYLCARNITINE,344.2795,7.24,FUJLYHJROOYKRA-QGZVFWFLSA-N
2-AMINOISOBUTYRATE,104.0706,0.89,FUOOLUPWFVMBKG-UHFFFAOYSA-N
3-HYDROXYPHENYLACETATE,153.0546,3.54,FVMDYYGIDFPZAX-UHFFFAOYSA-N
Flavinmononucleotide,457.1119,3.73,FVTCRASFADXXNN-SCRDCRAPSA-N
Maltotriose,527.1583,0.78,FYGDTMLNYKFZSV-DZOUCCHMSA-N
6-Oxopiperidine-2-carboxylicacid,144.0655,1.34,FZXCPFJMYOQZCA-UHFFFAOYSA-N
6-Oxopiperidine-2-carboxylicacid,144.0655,1.03,FZXCPFJMYOQZCA-UHFFFAOYSA-N
S-CARBOXYMETHYLCYSTEINE,180.0325,0.94,GBFLZEXEOZUWRN-UHFFFAOYSA-N
S-Carboxymethyl-L-cysteine,180.0325,0.8,GBFLZEXEOZUWRN-UHFFFAOYSA-N
1-METHYLADENOSINE,282.1197,3.52,GFYLSDSUCHVORB-IOSLPCCCSA-N
delta-Decalactone,171.138,7.1,GHBSPIPJMLAMEP-UHFFFAOYSA-N
Chenodeoxycholicacidglycineconjugate,472.3033,7,GHCZAUBVMUEKKP-GYPHWSFCSA-N
CHENODEOXYCHOLATE,393.2999,10.81,GHCZAUBVMUEKKP-GYPHWSFCSA-N
PANTOTHENATE,220.1179,3.72,GHOKWGTUZJEAQD-UHFFFAOYSA-N
QUINOLINATE,168.0291,1.61,GJAWHXHKYYXBSV-UHFFFAOYSA-N
Agnuside,489.1367,4.2,GLACGTLACKLUJX-UHFFFAOYSA-N
DIAMINOPIMELATE,191.1026,0.77,GMKMEZVLHJARHF-WHFBIAKZSA-N
O-SUCCINYL-HOMOSERINE,220.0816,1.68,GNISQJGXJIDKDJ-UHFFFAOYSA-N
N-ACETYLPROLINE,158.0812,3.79,GNMSLDIYJOSUSW-LURJTMIESA-N
alpha-Mangostin,411.1802,8.32,GNRIZKKCNOBBMO-UHFFFAOYSA-N
Indole-3-propionicacid,190.0863,6.22,GOLXRNDWAUTYKT-UHFFFAOYSA-N
INOSINE-MONOPHOSPHATE,349.0544,1.64,GRSZFWQUAKGDAV-KQYNXXCUSA-N
Scoparone,207.0652,5.32,GUAFOGOEJLSQBT-UHFFFAOYSA-N
MALTOSE,365.1054,0.88,GUBGYTABKSRVRQ-DKBJLJRDSA-N
LACTOSE,365.1054,0.86,GUBGYTABKSRVRQ-XLOQQCSPSA-N
N1-ACETYLSPERMINE,245.2336,0.67,GUNURVWAJRRUAV-UHFFFAOYSA-N
Cryptochlorogenicacid,377.0843,3.67,GYFFKZTYYAFCTR-AVXJPILUSA-N
THYMIDINE-MONOPHOSPHATE,323.0639,2.71,GYOZYWVXFNDGLU-XLPZGREQSA-N
KYNURENATE,190.0499,4.16,HCZHHEIFKROPDY-UHFFFAOYSA-N
TREHALOSE,365.1054,0.89,HDTRYLNUVZCQOY-LIZSDCNHSA-N
ARABITOL,175.0577,0.84,HEBKCHPVOIAQTA-IMJSIDKUSA-N
RIBITOL,175.0577,0.86,HEBKCHPVOIAQTA-NGQZWQHPSA-N
XYLITOL,175.0577,0.86,HEBKCHPVOIAQTA-NGQZWQHPSA-N
3-DEHYDROSHIKIMATE,195.0264,1.35,HFMGXSXAGHUXTI-RXMQYKEDSA-N
MONOETHYLMALONATE,133.0495,0.85,HGINADPHJQTSKN-UHFFFAOYSA-N
Puerarin,417.118,3.78,HKEAFJYKMMKDOR-VPRICQMDSA-N
Formononetin,269.0808,6.63,HKQYGTCOTHHOMP-UHFFFAOYSA-N
RIBOSE,173.042,0.86,HMFHBZSHGGEWLO-SOOFDHNKSA-N
"3,7-Dimethyluricacid",197.0669,1.28,HMLZLHKHNBLLJD-UHFFFAOYSA-N
HISTIDINE,156.0768,0.75,HNDVDQJCIGZPNO-YFKPBYRVSA-N
N-METHYLASPARTATE,148.0604,0.82,HOKKHZGPKSLGJE-GSVOUGTGSA-N
METHYLGALACTOSIDE,217.0683,1,HOVAGTYPODGVJG-UHFFFAOYSA-N
Monotropein,413.1054,1.01,HPWWQPXTUDMRBI-UHFFFAOYSA-N
ETHYL3-INDOLEACETATE,204.1019,7.2,HUDBDWIQSIGUDI-UHFFFAOYSA-N
Enterolactone,299.1278,6.68,HVDGDHBAMCBBLR-PBHICJAKSA-N
4-PYRIDOXATE,184.0604,3.4,HXACOUQIXZGNBF-UHFFFAOYSA-N
PIPECOLATE,152.0682,1.33,HXEACLLIILLPRG-YFKPBYRVSA-N
N-ACETYLASPARAGINE,175.0713,1.04,HXFOXFJUNFFYMO-BYPYZUCNSA-N
Narirutin,581.1865,4.59,HXTFHSYLYXVTHC-UHFFFAOYSA-N
Palmitoylethanolamide,300.2897,8.84,HXYVTAGFYLMHSO-UHFFFAOYSA-N
N6-(DELTA2-ISOPENTENYL)-ADENINE,204.1244,4.63,HYVABZIGRDEKCD-UHFFFAOYSA-N
3-HYDROXYBENZALDEHYDE,123.0441,5.15,IAVREABSGIHHMO-UHFFFAOYSA-N
"3,4-Dihydroxybenzaldehyde",139.039,3.49,IBGBGRVKPALMCQ-UHFFFAOYSA-N
SALSOLINOL,180.1019,2.56,IBRKLUSXDYATLG-LURJTMIESA-N
(R)-Salsolinol,180.1019,0.95,IBRKLUSXDYATLG-UHFFFAOYSA-N
CYTIDINEMONOPHOSPHATE,324.0591,0.94,IERHLVCPSMICTF-XVFCMESISA-N
Isovalerylcarnitine,246.17,4.41,IGQBPDJNUXPEMT-UHFFFAOYSA-N
4-O-alpha-D-Galactopyranuronosyl-D-galacturonicacid,393.064,0.79,IGSYEZFZPOZFNC-UHFFFAOYSA-N
"5,7-dihydroxy-2-(4-hydroxyphenyl)-6-methoxy-4H-chromen-4-one",301.0707,6.08,IHFBPDAQLQOCBX-UHFFFAOYSA-N
Rutin,611.1607,4.25,IKGXIBQEEMLURG-UHFFFAOYSA-N
Baicalin,447.0922,5.17,IKIIZLYTISPENI-UNJWAJPSSA-N
Myricetin,319.0448,5.01,IKMDFBPHZNJCSN-UHFFFAOYSA-N
3-Oxindole-3-acetate,192.0655,4.29,ILGMGHZPXRDCCS-UHFFFAOYSA-N
CYSTATHIONINE,223.0747,0.79,ILRYLPWNYFXEMH-WHFBIAKZSA-N
Sanguinarine,332.0917,5.28,INVGWHRKADIJHF-UHFFFAOYSA-N
Phloridzin,459.1262,4.99,IOUVKUPGCMBWBT-QNDFHXLGSA-N
Theaflavin,565.1341,5.18,IPMYMEWFZKHGAX-ZKSIBHASSA-N
4-Acetamidophenylglucuronide,328.1027,1.32,IPROLSVTVHAQLE-BYNIDDHOSA-N
THYMIDINE,265.0795,3.59,IQFYYKKMVGJFEH-XLPZGREQSA-N
Luteolin,287.055,4.3,IQPNAANSBPBGFQ-UHFFFAOYSA-N
CYCLICAMP,330.0598,3.35,IVOMOUWHDPKRLL-KQYNXXCUSA-N
CucurbitacinB,581.3085,7.07,IXQKXEUSCPEQRD-OUKQBFOZSA-N
5-Keto-D-gluconate,217.0319,0.82,IZSRJDGCGRAUAR-UHFFFAOYSA-N
5-Methoxysalicylicacid,169.0495,5.46,IZZIWIAOVZOBLF-UHFFFAOYSA-N
1'-Acetoxychavicolacetate,235.0965,6.12,JAMQIUWGGBSIKZ-UHFFFAOYSA-N
OPHTHALMATE,290.1347,2.03,JCMUOFQHZLPHQP-BQBZGAKWSA-N
Phenylacetylglutamine,265.1183,3.9,JFLIEFSWGNOPJJ-JTQLQIEISA-N
Phenylacetylglutamine,265.1183,3.89,JFLIEFSWGNOPJJ-JTQLQIEISA-N
DEOXYCARNITINE,146.1176,0.9,JHPNVNIEXXLNTR-UHFFFAOYSA-N
N-ACETYLSERINE,148.0604,1.08,JJIHLJJYMXLCOY-BYPYZUCNSA-N
5-Aminopentanoicacid,118.0863,0.8,JJMDCOVWQOJGCB-UHFFFAOYSA-N
2-Methyl-2-pentenoicacid,137.0573,6.3,JJYWRQLLQAKNAD-PLNGDYQASA-N
(S)-Abscisicacid,287.1254,5.56,JLIDBLDQVAYHNE-IBPUIESWSA-N
L-TRYPTOPHANAMIDE,204.1131,3.9,JLSKPBDKNIXMBS-UHFFFAOYSA-N
IsoxanthohumolB,371.1489,5.6,JMHUVLCRYBTWKZ-RMKNXTFCSA-N
Syringicacid,199.0601,3.96,JMSVCTWVEWCHDZ-UHFFFAOYSA-N
Threonicacid,159.0264,0.8,JPIJQSOTBSSVTP-UHFFFAOYSA-N
N2-Acetylornithine,175.1077,0.76,JRLGPAXAGHMNOL-LURJTMIESA-N
DEOXYURIDINE-MONOPHOSPHATE,331.0302,1.7,JSRLJPSBLDHEIO-SHYZEUOFSA-N
3-Indolebutyricacid,204.1019,6.25,JTEDVYBZBROSJT-UHFFFAOYSA-N
5-Methoxytryptamine,191.1179,3.74,JTEJPPKMYBDEMY-UHFFFAOYSA-N
Rotenone,395.1489,7.55,JUVIOZPCNVVQFO-HBGVWJBISA-N
SHIKIMATE,197.042,1.09,JXOHGGNKMLTUBP-HSUXUTPPSA-N
"1,3-Dihydro-(2H)-indol-2-one",134.06,5.06,JYGFTBXVXVMTGB-UHFFFAOYSA-N
CORTISOL,363.2166,6.06,JYGXADMDTFJGBT-CZFMHFDVSA-N
MEVALOLACTONE,131.0703,3.33,JYVXNLLUYHCIIH-LURJTMIESA-N
THIAMINE,265.1118,0.84,JZRWCGZRTZMZEH-UHFFFAOYSA-N
Limonin,471.2013,6.87,KBDSLGBFQAGHBE-UHFFFAOYSA-N
LYSINE,147.1128,0.71,KDXKERNSBIXSRK-YFKPBYRVSA-N
(-)-Bornylacetate,197.1536,7.7,KGEKLUUHTZCSIP-GTFYECCDSA-N
DEOXYADENOSINEMONOPHOSPHATE,332.0754,2.07,KHWCHTKSEGGWEX-RRKCRQDMSA-N
TRANS-CINNAMALDEHYDE,133.0648,3.73,KJPRLNWUNMBNBZ-QPJJXVBHSA-N
MEVALONATE,171.0628,2.75,KJTLQQUUPVSXIM-UHFFFAOYSA-N
3-(4-HYDROXYPHENYL)PYRUVATE,91.0284,11.99,KKADPXVIOXHVKN-UHFFFAOYSA-N
4-Hydroxyphenylpyruvicacid,91.0284,11.99,KKADPXVIOXHVKN-UHFFFAOYSA-N
m-Coumaricacid,165.0546,4.77,KKSDGJDHHZEWEP-SNAWJCMRSA-N
Cassiastearoptene,163.0754,7.96,KKVZAVRSVHUSPL-GQCTYLIASA-N
"2',4'-Dihydroxyacetophenone",153.0546,5.2,KLAKIAVEMQMVBT-UHFFFAOYSA-N
N-ACETYLPUTRESCINE,131.1179,0.94,KLZGKIDSEJWEDW-UHFFFAOYSA-N
Cosmosiin,433.1129,4.75,KMOUJOKENFFTPU-QNDFHXLGSA-N
"ADENOSINE2',3'-CYCLICPHOSPHATE",330.0598,2.8,KMYWVDDIPVNLME-UHFFFAOYSA-N
Nomilin,515.2276,7.05,KPDOJFFZKAUIOE-UHFFFAOYSA-N
Celastrol,451.2843,8.6,KQJSQWZMSAGSHN-JJWQIEBTSA-N
"1,2,3-Propanetricarboxylicacid",199.0213,1.15,KQTIIICEAUMSDG-UHFFFAOYSA-N
FERULATE,195.0652,5.17,KSEBMYQBYZTDHS-HWKANZROSA-N
INDOLE-3-METHYLACETATE,190.0863,6.91,KTHADMDGDNYQRX-UHFFFAOYSA-N
Methyl3-indolyacetate,190.0863,6.57,KTHADMDGDNYQRX-UHFFFAOYSA-N
N-ACETYLALANINE,132.0655,2.4,KTHDTJVBEPMMGL-VKHMYHEASA-N
AdipostatinA,321.2788,9.82,KVVSCMOUFCNCGX-UHFFFAOYSA-N
BETAINE,118.0863,0.84,KWIUHFFTVRNATP-UHFFFAOYSA-N
Acetophenone,121.0648,4.2,KWOLFJPFCHCOCG-UHFFFAOYSA-N
Solasodine,414.3367,6.4,KWVISVAMQJWJSZ-UHFFFAOYSA-N
DEOXYCHOLATE,415.2819,7.69,KXGVEGMKQFWNSR-LLQZFEROSA-N
Daidzin,417.118,4.08,KYQZWONCHDNPDP-QNDFHXLGSA-N
Apigenin,271.0601,6.02,KZNIFHPLKGYRTM-UHFFFAOYSA-N
VALINE,118.0863,1.17,KZSNJWFQEVHDMF-BYPYZUCNSA-N
(R)-Glabridin,325.1434,7.48,LBQIJVLKGVZRIW-UHFFFAOYSA-N
5-HYDROXYTRYPTOPHAN,221.0921,3.46,LDCYZAJDBXYCGN-VIFPVBQESA-N
1-METHYLNICOTINAMIDE,137.0709,0.82,LDHMAVIPBRSVRG-UHFFFAOYSA-O
CYSTINE,241.0311,0.79,LEVWYRKDKASIDU-IMJSIDKUSA-N
GUAIACOL,125.0597,4.98,LHGVFZTZFXWLCP-UHFFFAOYSA-N
4-HYDROXY-L-PHENYLGLYCINE,168.0655,0.86,LJCWONGJFPCTTL-UHFFFAOYSA-N
N-Acetyl-beta-alanine,132.0655,1.03,LJLLAWRMBZNPMO-UHFFFAOYSA-N
Cyclohexaneaceticacid,143.1067,6.81,LJOODBDWMQKMFB-UHFFFAOYSA-N
SORBOSE,203.0526,0.81,LKDRXBCSQODPBY-BGPJRJDNSA-N
Gallicacid,171.0288,1.34,LNTHITQWFMADLM-UHFFFAOYSA-N
2-QUINOLINECARBOXYLATE,174.055,4.24,LOAUVZALPPNFOQ-UHFFFAOYSA-N
UROCANATE,139.0502,1.39,LOIYMIARKYCTBW-OWOJBTEDSA-N
Quinine,163.0992,4.41,LOUPRKONTZGTKE-WZBLMQSHSA-N
Quinine,163.0992,3.88,LOUPRKONTZGTKE-WZBLMQSHSA-N
Glycyrrhizin,823.4111,6.4,LPLVUJXQOOQHMX-UHFFFAOYSA-N
Isobutyryl-L-carnitine,232.1543,3.84,LRCNOZRCYBNMEP-SECBINFHSA-N
NORLEUCINE,132.1019,2.79,LRQKBLKVPFOOQJ-YFKPBYRVSA-N
(-)-Epicatechingallate,443.0973,4.47,LSHVYAFMTMFKBA-TZIWHRDSSA-N
4-hydroxy-3-methylbenzoicacid,153.0546,4.47,LTFHNKUKQYVHDX-UHFFFAOYSA-N
DEOXYGUANOSINE-MONOPHOSPHATE,348.0704,1.47,LTFMZDNNPPEQNG-KVQBGUIXSA-N
DEOXYGUANOSINE-MONOPHOSPHATE,348.0704,2.6,LTFMZDNNPPEQNG-KVQBGUIXSA-N
Maltotetraose,689.2111,0.76,LUEWUZLMQUOBSB-AYQJAVFRSA-N
Resveratrol,229.0859,5.3,LUKBXSAWLPMMSZ-OWOJBTEDSA-N
Undecanedioicacid,239.1254,5.3,LWBHHRRTOZQPDM-UHFFFAOYSA-N
Boldine,328.1543,3.93,LZJRNLRASBVRRX-UHFFFAOYSA-N
Decanoylcarnitine,316.2482,6.92,LZOSYCMHQXPBFU-UHFFFAOYSA-N
(-)-Matairesinol,359.1489,6.12,MATGKVZWFZHCLI-LSDHHAIUSA-N
INDOLE-3-ETHANOL,162.0913,5.81,MBBOMCVGYCRMEA-UHFFFAOYSA-N
"2,6-Dimethoxybenzoicacid",183.0652,4.71,MBIZFBDREVRUHY-UHFFFAOYSA-N
Diosmetin,301.0707,6.05,MBNGWHIJMBWFHU-UHFFFAOYSA-N
S-ADENOSYLMETHIONINE,399.1445,0.79,MEFKEPWMEQBLKI-AIRLBKTGSA-N
CORTISONE,361.201,6.12,MFYSYFVPBJMHGN-ZPOLXVRWSA-N
Thymol,151.1117,5.72,MGSRCZKZVOBKFT-UHFFFAOYSA-N
Phenylalanylalanine,237.1234,2.17,MIDZLCFIAINOQN-WPRPVWTQSA-N
3-Hydroxycoumarin,82.0231,11.99,MJKVTPMWOKAVMS-UHFFFAOYSA-N
Menadione,173.0597,6.91,MJVAVZPDRWSRRC-UHFFFAOYSA-N
DIDECANOYL-GLYCEROPHOSPHOCHOLINE,566.3816,8.51,MLKLDGSYMHFAOC-UHFFFAOYSA-N
N-Acetylmuramate,316.1003,1.01,MNLRQHMNZILYPY-MKFCKLDKSA-N
Bilobalide,327.1074,4.91,MOLPUWBMSBJXER-NRSGSQFTSA-N
Terpinolene,137.1325,8.18,MOYAFQVGZZPNRA-UHFFFAOYSA-N
"1,5-Anhydrosorbitol",187.0577,0.82,MPCAJMNYNOGXPB-SLPGGIOYSA-N
"1,5-Anhydrosorbitol",187.0577,0.8,MPCAJMNYNOGXPB-SLPGGIOYSA-N
Glycyrrhetinicacid,471.3469,8.08,MPDGHEJMBKOTSU-WFJWTYAKSA-N
N1-Acetylspermidine,188.1757,0.63,MQTAVJHICJWXBR-UHFFFAOYSA-N
Astaxanthin,597.3938,9.3,MQZIGYBFDRPAKN-UWFIBFSHSA-N
3-AMINO-4-HYDROXYBENZOATE,154.0499,1.37,MRBKRZAPGUCWOS-UHFFFAOYSA-N
Nobiletin,403.1387,6.99,MRIAQLRQZPPODS-UHFFFAOYSA-N
Muramicacid,252.1078,0.82,MSFSPUZXLOGKHJ-LEISLEKSSA-N
GALACTOSAMINE,202.0686,0.73,MSWZFWKMSRAUBD-GASJEMHNSA-N
D-MANNOSAMINE,202.0686,0.75,MSWZFWKMSRAUBD-UHFFFAOYSA-N
GLUCOSAMINE6-SULFATE,260.0435,0.79,MTDHILKWIRSIHB-QZABAPFNSA-N
Betonicine,160.0968,0.8,MUNWAHDYFVYIKH-RITPCOANSA-N
RAFFINOSE,527.1583,0.94,MUPFEKGTMRGPLJ-BQCSWRFHSA-N
N-ACETYLSEROTONIN,219.1128,4.4,MVAWJSIDNICKHF-UHFFFAOYSA-N
DEOXYURIDINE,251.0638,3.27,MXHRCPNRJAMMIM-SHYZEUOFSA-N
"N,N,N-TRIMETHYLLYSINE",189.1598,0.73,MXNRLFUSFKVQSK-QMMMGPOBSA-N
Piperine,286.1438,7.22,MXXWOMGUGJBKIW-YPCIICBESA-N
Piperine,286.1438,7.22,MXXWOMGUGJBKIW-YPCIICBESA-N
Nornicotine,149.1073,0.78,MYKUKUCHPMASKF-UHFFFAOYSA-N
ANSERINE,241.1295,0.75,MYYIAHXIVFADCU-QMMMGPOBSA-N
Dihydrothymine,129.0659,1.24,NBAKTGXDIBVZOO-UHFFFAOYSA-N
GLUCOSE6-PHOSPHATE,283.0189,0.83,NBSCHQHZLSJFNQ-GASJEMHNSA-N
MANNOSE6-PHOSPHATE,283.0189,0.82,NBSCHQHZLSJFNQ-RWOPYEJCSA-N
N-METHYLTRYPTAMINE,175.123,4.45,NCIKQJBVUNUXLW-UHFFFAOYSA-N
DEOXYCYTIDINEMONOPHOSPHATE,308.0642,1.37,NCMVOABPESMRCP-SHYZEUOFSA-N
4-Hydroxycinnamicacid,165.0546,5.01,NGSWKAQJJWESNS-ZZXKWVIFSA-N
4-Hydroxycinnamicacid,165.0546,7.31,NGSWKAQJJWESNS-ZZXKWVIFSA-N
4-COUMARATE,165.0546,4.99,NGSWKAQJJWESNS-ZZXKWVIFSA-N
PYRIDOXAL-PHOSPHATE,248.0319,1.7,NGVDGCNFYWLIFO-UHFFFAOYSA-N
PYRIDOXAMINE,169.0972,0.79,NHZMQXZHNVQTQA-UHFFFAOYSA-N
Gingerol,295.1904,7.42,NLDDIKRKFXEWBK-UHFFFAOYSA-N
"1,7-Dimethyluricacid",197.0669,2.41,NOFNCLGCUJJPKU-UHFFFAOYSA-N
AICAR,339.07,1.28,NOTGFIUVDGNKRI-UUOKFMHZSA-N
3-Hydroxy-3-methylglutarate,185.042,1.21,NPOAOTPXWNWTSH-UHFFFAOYSA-N
3-HYDROXYMETHYLGLUTARATE,185.042,3.19,NPOAOTPXWNWTSH-UHFFFAOYSA-N
Arctigenin,373.1646,6.63,NQWVSMVXKMHKTF-JKSUJKDBSA-N
N-Formylphenylalanine,194.0812,4.75,NSTPXGARCQOSAU-VIFPVBQESA-N
L-Targinine(FREEBASE),189.1346,0.72,NTNWOCRCBQPEKQ-YFKPBYRVSA-N
GLUTARYLCARNITINE,276.1442,3.41,NXJAXUYOQLTISD-VIFPVBQESA-N
GUANOSINE,284.0989,3.37,NYHBQMYGNKIUIF-UUOKFMHZSA-N
"3,5-DIIODO-L-TYROSINE",433.8745,4.59,NYPYHUZRZVSYKL-ZETCQYMHSA-N
3-(Dimethylaminomethyl)indole,175.123,5.62,OCDGBSUVYYVKQZ-UHFFFAOYSA-N
ISOCITRATE,215.0162,1.17,ODBLHEXUDAPZAU-UHFFFAOYSA-N
OXOPROLINE,130.0499,2,ODHCTXKNWHHXJC-UHFFFAOYSA-N
PYROGLUTAMATE,130.0499,1.85,ODHCTXKNWHHXJC-VKHMYHEASA-N
ARGININE,175.119,0.77,ODKSFYDXXFIFQN-BYPYZUCNSA-N
7-Methylguanosine,298.1146,0.84,OGHAROSJZRTIOK-KQYNXXCUSA-O
D-GLUCURONOLACTONE,199.0213,0.92,OGLCQHRZUSEXNB-WHDMSYDLSA-N
"D-Glucurono-6,3-lactone",199.0213,0.84,OGLCQHRZUSEXNB-WHDMSYDLSA-N
alpha-Phellandrene,137.1325,8.07,OGLDWXZKYODSOB-UHFFFAOYSA-N
ACETYLCHOLINE,146.1176,0.96,OIPILFWXSMYKGL-UHFFFAOYSA-N
ADENOSINE,268.104,3.28,OIRDTQYFTABQOQ-KQYNXXCUSA-N
DIHYDROURACIL,115.0502,1.37,OIVLITBTBDPEFK-UHFFFAOYSA-N
N-ACETYLGLYCINE,118.0499,1.27,OKJIRPAQVSHGFK-UHFFFAOYSA-N
3-HYDROXYBENZYLALCOHOL,125.0597,4.97,OKVJCVWFVRATSG-UHFFFAOYSA-N
Imperatorin,271.0965,7.46,OLOOJGVNMBJLLR-UHFFFAOYSA-N
DEOXYADENOSINE,252.1091,3.31,OLXZPDWKRNYJJZ-RRKCRQDMSA-N
CORTICOSTERONE,347.2217,6.67,OMFXVFTZEKFJBZ-HJTSIMOOSA-N
PROLINE,116.0706,0.92,ONIBWKKTOPOVIA-BYPYZUCNSA-N
PYRIDOXINE,170.0812,2.09,ONIBWKKTOPOVIA-BYPYZUCNSA-N
Salicyluricacid,196.0604,4.56,ONJSZLXSECQROL-UHFFFAOYSA-N
Cinnamylalcohol,135.0804,7.39,OOCCDEMITAIZTP-UHFFFAOYSA-N
N-Acetylaspartylglutamicacid,327.0799,7.75,OPVPGKGADVGKTG-BQBZGAKWSA-N
Umbelliferone,163.039,4.61,ORHBXUUXSCNDEV-UHFFFAOYSA-N
N-ACETYLASPARTATE,176.0553,1.41,OTCCIMWXFLJLIA-BYPYZUCNSA-N
Stearoylethanolamide,350.303,8.38,OTGQIQQTPXJQRG-UHFFFAOYSA-N
Stearoylethanolamide,328.321,9.74,OTGQIQQTPXJQRG-UHFFFAOYSA-N
SPHINGANINE,302.3054,7.36,OTKJDMGTUTTYMP-ZWKOTPCHSA-N
TYROSINE,182.0812,2.44,OUYCCCASQSFEME-QMMMGPOBSA-N
FOLATE,442.147,4.02,OVBPIULPVIDEAO-LBPRGKRZSA-N
N-ACETYLGALACTOSAMINE,244.0792,0.89,OVRNDRQMDRJTHS-JAJWTYFOSA-N
N-ACETYLMANNOSAMINE,244.0792,0.92,OVRNDRQMDRJTHS-OZRXBMAMSA-N
Quercetin3-galactoside,465.1028,4.41,OVSQVDMCBVZWGM-DTGCRPNFSA-N
Quercitrin,449.1078,4.68,OXGUCUVFOIWWQJ-HQBVPOQASA-N
AMINOADIPATE,162.0761,0.94,OYIFNHCXNCRBQI-UHFFFAOYSA-N
Sinapicacid,225.0757,4.56,PCMORTLOPMLEFB-ONEGZZNKSA-N
Sumiki'sacid,143.0339,1.79,PCSKKIUURRTAEM-UHFFFAOYSA-N
DEOXYRIBOSE,157.0471,0.94,PDWIQYODPROSQH-WISUUJSJSA-N
GLYCEROL,115.0366,0.88,PEDCQBHIVMGVHV-UHFFFAOYSA-N
Luteolin-7-glucoside,449.1078,4.44,PEFNSGRTCBGNAN-QNDFHXLGSA-N
3-METHOXYTYROSINE,212.0917,3.43,PFDUUKDQEHURQC-UHFFFAOYSA-N
SPERMINE,203.223,0.61,PFNFFQXMRSDOHW-UHFFFAOYSA-N
MENAQUINONE,445.3101,10.79,PFRQBZFETXBLTP-RCIYGOBDSA-N
(+)-Catechin,291.0863,3.6,PFTAWBLQPZVEMU-DZGCQCFKSA-N
(-)-Catechin,291.0863,3.64,PFTAWBLQPZVEMU-HIFRSBDPSA-N
(-)-Epicatechin,291.0863,3.95,PFTAWBLQPZVEMU-UKRRQHHQSA-N
7-Methylxanthine,167.0564,1.2,PFWLFWPASULGAN-UHFFFAOYSA-N
L-CARNITINE,162.1125,0.83,PHIQHXFUZVPYII-ZCFIWIBFSA-N
GLUCONOLACTONE,179.055,0.85,PHOQVHQSTUBQQK-SQOUGZDYSA-N
Casticin,375.1074,6.98,PJQLSMYMOKWUJG-UHFFFAOYSA-N
Indoleacrylicacid,188.0706,5.59,PLVPPLCLBIEYEA-AATRIKPKSA-N
TRANS-4-HYDROXY-L-PROLINE,132.0655,0.81,PMMYEEVYMWASQN-DMTCNVIQSA-N
CIS-4-HYDROXY-D-PROLINE,132.0655,0.8,PMMYEEVYMWASQN-QWWZWVQMSA-N
5-Acetylamino-6-amino-3-methyluracil,199.0826,0.82,POQOTWQIYYNXAT-UHFFFAOYSA-N
Tetradecanoylcarnitine,372.3108,7.44,PSHXNVGSVNEJBD-LJQANCHMSA-N
NICOTINATE,124.0393,1.42,PVNIIMVLHYAWGP-UHFFFAOYSA-N
PALATINOSE,365.1054,0.88,PVXPPJIGRGXGCY-UHFFFAOYSA-N
N-ACETYLCYSTEINE,164.0376,4,PWKSKIMOESPYIA-BYPYZUCNSA-N
OROTATE,157.0244,1.19,PXQPEWDEAKTCGB-UHFFFAOYSA-N
ARABINOSE,173.042,0.86,PYMYPHUHKUWMLA-WDCZJNDASA-N
N-FORMYL-L-METHIONINE,178.0532,4.06,PYUSHNKNPOHWEZ-YFKPBYRVSA-N
CAFFEATE,181.0495,4.55,QAIPRVGONGVQAS-RQOWECAXSA-N
(-)-Gossypol,519.2013,8.49,QBKSWRVVCFFDOT-UHFFFAOYSA-N
LITHOCHOLYLTAURINE,506.2911,7.53,QBYUNVOYXHFVKC-GBURMNQMSA-N
Pilocarpine,209.1285,1.84,QCHFTSOMWOSFHM-WPRPVWTQSA-N
Propylparaben,181.0859,6.78,QELSKZZBTMNZEB-UHFFFAOYSA-N
p-Octopamine,154.0863,0.82,QHGUCRYDKWKLMG-QMMMGPOBSA-N
HIPPURATE,180.0655,4.57,QIAFMBKCNZACKA-UHFFFAOYSA-N
HYDROQUINONE,111.0441,5.16,QIGBRXMKCJKVMJ-UHFFFAOYSA-N
TRYPTOPHAN,205.0972,4.08,QIVBCDIJIAJPQS-SECBINFHSA-N
3-AMINO-5-HYDROXYBENZOATE,154.0499,1.49,QPEJHSFTZVMSJH-UHFFFAOYSA-N
Hexadecanedioicacid,287.2217,7.66,QQHJDPROMQRDLA-UHFFFAOYSA-N
(2-AMINOETHYL)PHOSPHONATE,126.0315,0.79,QQVDJLLNRSOCEL-UHFFFAOYSA-N
Curcumol,237.1849,7.93,QRMPRVXWPCLVNI-UHFFFAOYSA-N
PARAXANTHINE,181.072,3.95,QUNWUDVFRNGTCO-UHFFFAOYSA-N
Hesperidine,611.197,4.77,QUQPHWDTPGMPEX-UNZJSITISA-N
o-Cresol,109.0648,4.56,QWVGKYWNOKOFNN-UHFFFAOYSA-N
Butyrylcarnitine,232.1543,3.91,QWYFHHGCZUCMBN-SECBINFHSA-N
Ribonicacid,189.037,0.8,QXKAIJAYHKCRRA-BXXZVTAOSA-N
SEROTONIN,177.1022,3.44,QZAYGJVTTNCVMB-UHFFFAOYSA-N
PYRIDOXAL,168.0655,0.92,RADKZDMFGJYCBB-UHFFFAOYSA-N
BILIVERDIN,583.2551,7,RCNSAJSGRJSBKK-YKSNQIBWSA-N
2-Aminoheptanoate,146.1176,2.81,RDFMDVXONNIGBC-LURJTMIESA-N
O-ACETYLCARNITINE,204.123,1.48,RDHQFKQIGNGIED-UHFFFAOYSA-N
5-Acetylamino-6-formylamino-3-methyluracil,227.0775,1.11,RDZNZFGKEVDNPK-UHFFFAOYSA-N
Harmaline,215.1179,4.51,RERZNCLIYCABFS-UHFFFAOYSA-N
GLYCOCHOLATE,466.3163,6.68,RFDAIACWWDREDC-FRVQLJSFSA-N
N-ACETYLGLUTAMATE,190.071,2.2,RFMMMVDNIPUKGG-UHFFFAOYSA-N
Oleuropein,563.1735,5.05,RFWGABANNQMHMZ-WLFYAOHHSA-N
4-HYDROXYBENZALDEHYDE,123.0441,4.88,RGHHSNMVTDWUBI-UHFFFAOYSA-N
Galactonicacid,219.0475,0.8,RGHNJXZEOKUKBD-MGCNEYSASA-N
CITRULLINE,176.103,0.84,RHGKLRLOHDJJDR-BYPYZUCNSA-N
Emodin,271.0601,7.52,RHMXXJGYXNZAPX-UHFFFAOYSA-N
Selenomethionine,192.0087,1.09,RJFAYQIBOAGBLC-UHFFFAOYSA-N
Atropine,290.1751,4.14,RKUNBYITZUJHSG-PJPHBNEVSA-N
Scopoletin,215.0315,4.62,RODXRVNMMDRFIK-UHFFFAOYSA-N
LEUCINE,132.1019,2.73,ROHFNLRQFUQHCH-YFKPBYRVSA-N
GUANOSINEMONOPHOSPHATE,364.0653,1.57,RQFCJASXJCIDSX-UUOKFMHZSA-N
Eugenol,165.091,6.85,RRAFCDWBNXTKKO-UHFFFAOYSA-N
INDOLE-3-PYRUVATE,102.5364,11.99,RSTKLPZEZYGQPY-UHFFFAOYSA-N
AICA-riboside,259.1037,0.96,RTRQQBHATOEIAF-UUOKFMHZSA-N
URSODEOXYCHOLATE,393.2999,10.81,RUDATBOHQWOJDD-UZVSRGJWSA-N
CAFFEINE,195.0877,4.3,RYYVLZVUVIJVGH-UHFFFAOYSA-N
OLEOYL-GLYCEROL,357.2999,9.52,RZRNAYUHWVFMIP-UHFFFAOYSA-N
CITICOLINE,489.1146,0.9,RZZPDXZPRHQOCG-OJAKKHQRSA-N
Silibinin,483.1286,5.88,SEBFKMXJBCUCAI-UHFFFAOYSA-N
Palmitoleicacid,255.2319,8.15,SECPZKHBENQXJG-FPLPWBNLSA-N
Indoleaceticacid,176.0706,5.72,SEOVTRFCIGRIMH-UHFFFAOYSA-N
NORADRENALINE,170.0812,0.89,SFLSHLFXELFNJZ-QMMMGPOBSA-N
RETINOATE,301.2162,9.05,SHGAZHPCJJPHSC-YCNIQYBTSA-N
FUCOSE,187.0577,0.96,SHZGCJCMOBCMKK-DHVFOXMCSA-N
RHAMNOSE,187.0577,0.92,SHZGCJCMOBCMKK-JFNONXLTSA-N
1-HYDROXY-2-NAPHTHOATE,189.0546,7.32,SJJCQDRGABAVBB-UHFFFAOYSA-N
1-Deoxy-D-glucitol,189.0733,0.82,SKCKOFZKJLZSFA-UHFFFAOYSA-N
SALICYLAMIDE,138.055,5.04,SKZKKFZAGNVIMN-UHFFFAOYSA-N
NORVALINE,140.0682,0.73,SNDPXSYFESPGGJ-SCSAIBSYSA-N
NORVALINE,140.0682,11.96,SNDPXSYFESPGGJ-SCSAIBSYSA-N
NICOTINE,163.123,1.78,SNICXCGAKADSCV-JTQLQIEISA-N
GinkgolideB,425.1442,5.64,SQOJOAFXDQDRGF-UHFFFAOYSA-N
N-ACETYLNEURAMINATE,310.1133,0.88,SQVRNKJHWKZAKO-PFQGKNLYSA-N
XYLOSE,173.042,0.88,SRBFZHDQGSBBOR-IOVATXLUSA-N
ADENOSINEDIPHOSPHATERIBOSE,560.079,0.95,SRNWOUGRCWSEMX-UHFFFAOYSA-N
Ergothioneine,230.0958,0.82,SSISHJJTAXXQAX-ZETCQYMHSA-N
Ergothioneine,230.0958,0.82,SSISHJJTAXXQAX-ZETCQYMHSA-N
Serylalanine,177.087,0.78,SSJMZMUVNKEENT-IMJSIDKUSA-N
O-PHOSPHOETHANOLAMINE,142.0264,0.79,SUHOOTKUPISOBE-UHFFFAOYSA-N
Glycerophosphocholine,258.1101,0.78,SUHOQUVVVLNYQR-MRVPVSSYSA-N
Glycerophosphocholine,258.1101,0.78,SUHOQUVVVLNYQR-MRVPVSSYSA-N
"2',4'-DIHYDROXYACETOPHENONE",153.0546,5.75,SULYEHHGGXARJS-UHFFFAOYSA-N
Sulforaphane,178.0355,4.72,SUVMJBTUFCVSAD-UHFFFAOYSA-N
METHIONINESULFOXIMINE,181.0641,0.79,SXTAYKAGBXMACB-UHFFFAOYSA-N
L-GULONOLACTONE,179.055,0.84,SXZYCXMUPBBULW-UHFFFAOYSA-N
"L,L-Cyclo(leucylprolyl)",211.1441,4.92,SZJNCZMRZAUNQT-IUCAKERBSA-N
Isonicotinicacid,124.0393,0.82,TWBYWOBDOCUKOW-UHFFFAOYSA-N
Subericacid,197.0784,4.46,TYFQFVWCELRYAO-UHFFFAOYSA-N
SUBERATE,197.0784,5.02,TYFQFVWCELRYAO-UHFFFAOYSA-N
Genistein,271.0601,6.07,TZBJGXHYKVUXJN-UHFFFAOYSA-N
XANTHOSINE,285.083,3.45,UBORTCNDUKBEOP-UUOKFMHZSA-N
2-HYDROXYPYRIDINE,118.0263,2.91,UBQKCCHYAOITMY-UHFFFAOYSA-N
ADENOSINE-MONOPHOSPHATE,348.0704,1.35,UDMBCSSLTHHNCD-KQYNXXCUSA-N
Propionylcarnitine,218.1387,0.88,UFAHZIUFPNSHSL-MRVPVSSYSA-N
"4,5-Di-O-caffeoylquinicacid",517.1341,4.78,UFCLZKMFXSILNL-RVXRWRFUSA-N
GLUCOSAMINATE,196.0816,0.79,UFYKDFXCZBTLOO-UHFFFAOYSA-N
INOSINE,269.088,3.37,UGQMRVRMYYASKQ-KQYNXXCUSA-N
CYTIDINE,244.0928,1.41,UHDGCWIWMRVCDJ-XVFCMESISA-N
"2,4-DihydroxybenzoicAcid",155.0339,4,UIAFKZKHHVMJGS-UHFFFAOYSA-N
Cotinine,177.1022,1.02,UIKROCXWUNQSPJ-UHFFFAOYSA-N
(-)-Cotinine,177.1022,0.94,UIKROCXWUNQSPJ-UHFFFAOYSA-N
HOMOSERINE,120.0655,0.8,UKAUYVFTDYCKQA-VKHMYHEASA-N
Carvone,151.1117,5.74,ULDHMXUKGWMISQ-UHFFFAOYSA-N
12-Hydroxystearicacid,323.2557,8.23,ULQISTXYYBZJSJ-UHFFFAOYSA-N
PHENYLETHANOLAMINE,138.0913,6.02,ULSIYEODSMZIPX-UHFFFAOYSA-N
Tangeretin,373.1282,7.26,ULSUXBXHSYSGDT-UHFFFAOYSA-N
ERYTHRITOL,145.0471,0.84,UNXHWFMMPAWVPI-ZXZARUISSA-N
Hexanoylglycine,174.1125,5.18,UPCKIPHSXMXJOX-UHFFFAOYSA-N
Dihydrogenistein,273.0757,5.95,UQGVUYNHDKMLSE-UHFFFAOYSA-N
STACHYOSE,689.2111,0.92,UQZIYBXSHAGNOE-XNSRJBNMSA-N
Phenylacetylglycine,194.0812,4.21,UTYVDVLMYQPLQB-UHFFFAOYSA-N
"3,5-Dihydroxybenzoicacid",155.0339,2.21,UYEMGAFJOZZIFP-UHFFFAOYSA-N
4-ACETAMIDOBUTANOATE,146.0812,3.27,UZTFMUBKZQVKLK-UHFFFAOYSA-N
L-N-(1H-Indol-3-ylacetyl)asparticacid,291.0975,4.39,VAFNMNRKDDAKRM-UHFFFAOYSA-N
HYDROXYKYNURENINE,225.087,2.07,VCKPUUFAIGNJHC-UHFFFAOYSA-N
N-ALPHA-ACETYLLYSINE,189.1234,0.94,VEYYWZRYIYDQJM-UHFFFAOYSA-N
N-alpha-Acetyl-L-lysine,189.1234,0.78,VEYYWZRYIYDQJM-ZETCQYMHSA-N
Curcumin,369.1333,7.18,VFLDPWHFBUODDF-FCXRPNKRSA-N
Phloretin,275.0914,6.03,VGEREEWJJVICBM-UHFFFAOYSA-N
Trifolirhizin,447.1286,4.35,VGSYCWGXBYZLLE-UHFFFAOYSA-N
ESTRADIOL-17ALPHA,273.1849,7.15,VOXZDWNPVJITMN-SFFUCWETSA-N
DEOXYCORTICOSTERONEACETATE,373.2373,7.64,VPGRYOFKCNULNK-UHFFFAOYSA-N
4-QUINOLINECARBOXYLATE,174.055,3.01,VQMSRUREDGBWKT-UHFFFAOYSA-N
2-DEOXY-D-GLUCOSE,187.0577,0.9,VRYALKFFQXWPIH-PBXRRBTRSA-N
GUANIDINOSUCCINATE,176.0666,0.86,VVHOUVWJCQOYGG-REOHCLBHSA-N
DOPAMINE,154.0863,1.74,VYFYYTLLBUKUHU-UHFFFAOYSA-N
GAMMA-LINOLENATE,279.2319,8.29,VZCCETWTMQHEPK-QNEBEIHSSA-N
Calycosin7-galactoside,447.1286,4.35,WACBUPFEGWUGPB-UHFFFAOYSA-N
1-PHENYLETHANOL,123.0804,6.53,WAPNOHKVXSQRPX-UHFFFAOYSA-N
Taurocholicacid,516.299,5.85,WBWWGRHZICKQGZ-HZAMXZRMSA-N
TRANS-CINNAMATE,149.0597,7.64,WBYWAXJHAXSJNI-VOTSOKGWSA-N
CORTEXOLONE,347.2217,6.74,WHBHBVVOGNECLV-OBQKJFGGSA-N
INDOLEACETALDEHYDE,160.0757,6.3,WHOOUMGHGSPMGR-UHFFFAOYSA-N
"ADENOSINE3',5'-DIPHOSPHATE",428.0367,1.11,WHTCPDAXWFLDIH-KQYNXXCUSA-N
GLUTAMATE,148.0604,0.82,WHUUTDBJXJRKMK-VKHMYHEASA-N
3-HYDROXYANTHRANILATE,154.0499,3.85,WJXSWCUQABXPFS-UHFFFAOYSA-N
Vanillicacid,169.0495,3.91,WKOLLVMJNQIZCI-UHFFFAOYSA-N
"2,6-DIHYDROXYPYRIDINE",112.0393,2.14,WLFXSECCHULRRO-UHFFFAOYSA-N
6-CARBOXYHEXANOATE,183.0628,4.48,WLJVNTCWHIRURA-UHFFFAOYSA-N
(-)-Epigallocatechin-3-gallate,459.0922,4,WMBWREPUVVBILR-WIYYLYMNSA-N
3-Carboxy-4-methyl-5-propyl-2-furanpropionicacid,263.089,6.56,WMCQWXZMVIETAO-UHFFFAOYSA-N
ADIPATE,169.0471,3.99,WNLRTRBMVRJNCN-UHFFFAOYSA-N
BENZOATE,123.0441,5.74,WPYMKLBDIGXBTP-UHFFFAOYSA-N
Diosgenin,415.3207,10.21,WQLVFSAGQJTQCK-UHFFFAOYSA-N
Ectoine,143.0815,0.78,WQXNXVUDBPYKBA-UHFFFAOYSA-N
ALPHA-D-GLUCOSE,203.0526,0.81,WQZGKKKJIJFFOK-DVKNGEFBSA-N
ALLOSE,203.0526,0.81,WQZGKKKJIJFFOK-HOWGCPQDSA-N
GALACTOSE,203.0526,0.81,WQZGKKKJIJFFOK-PHYPRBDBSA-N
MANNOSE,203.0526,0.81,WQZGKKKJIJFFOK-QTVWNMPRSA-N
SORBATE,113.0597,5.71,WSWCOQWTEOXDQX-MQQKCMAXSA-N
(?)-?-Pinene,137.1325,8.09,WTARULDDTDQWMU-UHFFFAOYSA-N
L-DOPA,198.0761,1.7,WTDRDQBEARUVNC-LURJTMIESA-N
BiochaninA,285.0757,7.15,WUADCCWRTIWANL-UHFFFAOYSA-N
5'-Methylthioadenosine,298.0968,3.01,WUUGFSXJNOTRMR-IOSLPCCCSA-N
METHYLTHIOADENOSINE,298.0968,3.9,WUUGFSXJNOTRMR-IOSLPCCCSA-N
CDP-ETHANOLAMINE,447.0677,0.88,WVIMUEUQJFPNDK-PEBGCTIMSA-N
Deoxycholicacidglycineconjugate,450.3214,7.24,WVULKSPCQVQLCU-ZMBDPXIHSA-N
Trigonelline,138.055,0.78,WWNNZCOKKKDOPX-UHFFFAOYSA-N
Sphingosine,300.2897,7.39,WWUZIQQURGPMPG-KRWOKUGFSA-N
N-ACETYLLEUCINE,174.1125,4.88,WXNXCEHXYPACJF-ZETCQYMHSA-N
Gentisicacid,155.0339,3.69,WXTMDXOMEHJXQO-UHFFFAOYSA-N
Lithocholicacidglycineconjugate,434.3265,7.62,XBSQTYHEGZTYJE-OETIFKLTSA-N
3-Hydroxyhippuricacid,196.0604,3.03,XDOFWFNMYJRHEW-UHFFFAOYSA-N
Angelicin,187.039,6.41,XDROKJSWHURZGO-UHFFFAOYSA-N
Citramalicacid,171.0264,1.15,XFTRTWQBIOMVPK-UHFFFAOYSA-N
CITRAMALATE,171.0264,2.34,XFTRTWQBIOMVPK-UHFFFAOYSA-N
Citramalicacid,171.0264,1.16,XFTRTWQBIOMVPK-UHFFFAOYSA-N
5'-DEOXYADENOSINE,252.1091,3.5,XGYIMTFOTBMPFP-KQYNXXCUSA-N
Aesculin,341.0867,3.14,XHCADAYNFIFUHF-UHFFFAOYSA-N
gamma-Glutamylphenylalanine,295.1288,3.65,XHHOHZPNYFQJKL-QWRGUYRKSA-N
GLUCOSAMINE6-PHOSPHATE,260.053,0.79,XHMJOUIAFHJHBW-UKFBFLRUSA-N
3-Phenylpropionylglycine,208.0968,4.87,XHSURMJJKAFELI-UHFFFAOYSA-N
Dihydrocapsaicin,308.222,7.49,XJQPQKLURWNAAH-UHFFFAOYSA-N
N-Acetylhistamine,154.0975,1,XJWPISBUKWZALE-UHFFFAOYSA-N
N-METHYLGLUTAMATE,162.0761,0.86,XLBVNMSMFQMKEY-UHFFFAOYSA-N
Hydrocinnamicacid,151.0754,6.62,XMIIGOLPHOKFCH-UHFFFAOYSA-N
(-)-Epigallocatechin,307.0812,3.41,XMOCLSLCDHWDHP-IUODEOHRSA-N
(+)-Gallocatechin,307.0812,2.09,XMOCLSLCDHWDHP-SWLSCSKDSA-N
2-Ketohexanoicacid,131.0703,6.34,XNIHZNNZJHYHLC-UHFFFAOYSA-N
THYROTROPINRELEASINGHORMONE,363.1775,3.27,XNSAINXGIQZQOO-SRVKXCTJSA-N???
TAURINE,126.0219,0.81,XOAAWQZATWQOTB-UHFFFAOYSA-N
Hydroxycotinine,193.0972,0.82,XOKCJXZZNAUIQN-IENPIDJESA-N
PALMITOYLCARNITINE,400.3421,7.71,XOMRRQXKHMYMOC-OAQYLSRUSA-O
Maltol,127.039,0.76,XPCTZQVDEJYUGT-UHFFFAOYSA-N
Amygdalin,480.1476,3.78,XUCIJNAGGSZNQT-UHFFFAOYSA-N
(R)C(S)S-Alliin,178.0532,0.87,XUHLIQGRKRUKPH-UHFFFAOYSA-N
(R)C(S)S-Alliin,178.0532,0.88,XUHLIQGRKRUKPH-UHFFFAOYSA-N
THYROXINE,777.694,6.62,XUIIKFGFIJCVMT-LBPRGKRZSA-N
N-ACETYLMETHIONINE,192.0689,4.21,XUYPXLNMDZIRQH-UHFFFAOYSA-N
Sclareol,331.2608,8.18,XVULBTBTFGYVRC-UHFFFAOYSA-N
Ethylacetoacetate,131.0703,6.35,XYIBRDXRRQCHLP-UHFFFAOYSA-N
Cinnamoylglycine,206.0812,5.02,YAADMLWHGMUGQL-VOTSOKGWSA-N
Berberine,336.123,5.44,YBHILYKTIRIUTE-UHFFFAOYSA-N
BIOTIN,245.0954,4.59,YBJHBAHKTGYVGT-ZKWXMUAHSA-N
Tyrosol,139.0754,7.28,YCCILVSKPBXVIP-UHFFFAOYSA-N
5-Hydroxyhexanoicacid,155.0679,2.69,YDCRNMJQROAWFT-UHFFFAOYSA-N
Asymmetricdimethylarginine,203.1503,0.76,YDGMGEXADBMOMJ-LURJTMIESA-N
"N,N-DIMETHYLARGININE",203.1503,0.94,YDGMGEXADBMOMJ-LURJTMIESA-N
Phenylpropionylglycine,208.0968,4.84,YEIQSAXUPKPPBN-UHFFFAOYSA-N
KYNURENINE,209.0921,3.62,YGPSJZOEDVAXAB-QMMMGPOBSA-N
PHOSPHORYLCHOLINE,184.0733,0.79,YHHSONZFOIEMCP-UHFFFAOYSA-N
alpha-Terpinene,137.1325,8.08,YHQGMYUVUMAZJR-UHFFFAOYSA-N
DEOXYGUANOSINE,268.104,3.29,YKBGVTZYEHREMT-KVQBGUIXSA-N
Capsaicin,306.2064,7.3,YKPUWZUDDOIDPM-SOFGYWHQSA-N
Methylnicotinate,138.055,0.8,YNBADRVTZLEFNH-UHFFFAOYSA-N
"3,4-DIHYDROXYBENZOATE",155.0339,3.91,YQUVCSBJEUQKSH-UHFFFAOYSA-N
Protocatechuicacid,155.0339,2.51,YQUVCSBJEUQKSH-UHFFFAOYSA-N
D-synephrine,168.1019,0.94,YRCWQPVGYLYSOX-VIFPVBQESA-N
5-HYDROXYLYSINE,163.1077,0.71,YSMODUONRAFBET-UHNVWZDZSA-N
"3,4,5-Trimethoxycinnamicacid",239.0914,5.7,YTFVRYKNXDADBI-SNAWJCMRSA-N
Amentoflavone,539.0973,6.35,YUSWMAULDXZHPY-UHFFFAOYSA-N
Morin,303.0499,5.3,YXOLAZRVSSWPPT-UHFFFAOYSA-N
4-METHYLCATECHOL,125.0597,4.97,ZBCATMYQYDCTIZ-UHFFFAOYSA-N
DIETHANOLAMINE,128.0682,0.76,ZBCBWPMODOFKDW-UHFFFAOYSA-N
GLUTAMINE,147.0764,0.8,ZDXPYRJPNDTMRX-VKHMYHEASA-N
S-Allylcysteine,162.0583,1.22,ZFAHNWWNDFHPOH-UHFFFAOYSA-N
THEOPHYLLINE,181.072,3.96,ZFXYFBGIUFBOJW-UHFFFAOYSA-N
5-AMINOLEVULINATE,132.0655,0.84,ZGXJTSGNIOSYLO-UHFFFAOYSA-N
Methylimidazoleaceticacid,141.0659,0.8,ZHCKPJGJQOPTLB-UHFFFAOYSA-N
"3,5-DIIODO-L-THYRONINE",525.9007,5.64,ZHSOTLOTTDYIIK-UHFFFAOYSA-N
Geniposidicacid,397.1105,1.89,ZJDOESGVOWAULF-UHFFFAOYSA-N
LUMICHROME,243.0877,5.49,ZJTJUVIJVLLGSP-UHFFFAOYSA-N
S-ADENOSYLHOMOCYSTEINE,193.0681,3.06,ZJUKTBDSGOFHSH-WFMPWKQPSA-N
ANILINE-2-SULFONATE,174.0219,2.52,ZMCHBSMFKQYNKA-UHFFFAOYSA-N
CYCLICGMP,346.0547,3.35,ZOOGRGPOEVQQDX-UUOKFMHZSA-N
HISTIDINOL,142.0975,0.69,ZQISRDCJNBUVMM-YFKPBYRVSA-N
Daidzein,255.0652,5.89,ZQSIJRDFPHDXIC-UHFFFAOYSA-N
Daidzein,255.0652,5.4,ZQSIJRDFPHDXIC-UHFFFAOYSA-N
HOMOCYSTINE,269.0624,0.96,ZTVZLYBCZNMWCF-UHFFFAOYSA-N
URACIL5-CARBOXYLATE,157.0244,1.91,ZXYAAVBXHKCJJB-UHFFFAOYSA-N
Methyleugenol,179.1067,6.36,ZYEMGPIYFIJGTP-UHFFFAOYSA-N
Coumarin,147.0441,7.06,ZYGHJZDHTFUPRJ-UHFFFAOYSA-N
N-Methylnicotinamide,137.0709,1.05,ZYVXHFWBYUDDBM-UHFFFAOYSA-N
Coumesterol,269.0444,6.04,ZZIALNLLNHEQPJ-UHFFFAOYSA-N
